Category	Client Load Active Power
01/10/2024 03:00	9.2349
01/10/2024 03:05	9.1623
01/10/2024 03:10	8.6164
01/10/2024 03:15	9.8058
01/10/2024 03:20	9.4016
01/10/2024 03:25	9.2726
01/10/2024 03:30	8.4369
01/10/2024 03:35	8.3764
01/10/2024 03:40	8.9964
01/10/2024 03:45	7.6494
01/10/2024 03:50	8.5294
01/10/2024 03:55	8.0032
01/10/2024 04:00	9.4317
01/10/2024 04:05	9.2843
01/10/2024 04:10	8.5819
01/10/2024 04:15	9.337
01/10/2024 04:20	8.5327
01/10/2024 04:25	9.1169
01/10/2024 04:30	8.6912
01/10/2024 04:35	8.937
01/10/2024 04:40	9.903
01/10/2024 04:45	8.4444
01/10/2024 04:50	9.4638
01/10/2024 04:55	8.775
01/10/2024 05:00	9.0048
01/10/2024 05:05	9.5535
01/10/2024 05:10	9.3153
01/10/2024 05:15	9.8908
01/10/2024 05:20	9.9489
01/10/2024 05:25	9.0692
01/10/2024 05:30	10.5694
01/10/2024 05:35	10.5749
01/10/2024 05:40	11.3861
01/10/2024 05:45	10.0877
01/10/2024 05:50	10.585
01/10/2024 05:55	10.4388
01/10/2024 06:00	10.3533
01/10/2024 06:05	12.6693
01/10/2024 06:10	11.8409
01/10/2024 06:15	12.7295
01/10/2024 06:20	13.3484
01/10/2024 06:25	12.3398
01/10/2024 06:30	13.0582
01/10/2024 06:35	13.0813
01/10/2024 06:40	15.8519
01/10/2024 06:45	16.1928
01/10/2024 06:50	13.1428
01/10/2024 06:55	14.2321
01/10/2024 07:00	14.3181
01/10/2024 07:05	22.2894
01/10/2024 07:10	20.9948
01/10/2024 07:15	23.1656
01/10/2024 07:20	25.5866
01/10/2024 07:25	25.3281
01/10/2024 07:30	23.5326
01/10/2024 07:35	22.726
01/10/2024 07:40	22.9571
01/10/2024 07:45	23.5435
01/10/2024 07:50	22.4731
01/10/2024 07:55	24.5435
01/10/2024 08:00	27.1717
01/10/2024 08:05	29.1546
01/10/2024 08:10	27.6784
01/10/2024 08:15	26.3719
01/10/2024 08:20	28.2377
01/10/2024 08:25	30.1632
01/10/2024 08:30	35.9925
01/10/2024 08:35	32.3297
01/10/2024 08:40	32.4709
01/10/2024 08:45	30.1475
01/10/2024 08:50	29.3464
01/10/2024 08:55	28.0669
01/10/2024 09:00	30.1085
01/10/2024 09:05	31.4898
01/10/2024 09:10	32.6659
01/10/2024 09:15	30.8574
01/10/2024 09:20	30.8954
01/10/2024 09:25	29.5107
01/10/2024 09:30	33.3227
01/10/2024 09:35	30.2809
01/10/2024 09:40	32.2948
01/10/2024 09:45	32.9302
01/10/2024 09:50	32.7208
01/10/2024 09:55	33.4986
01/10/2024 10:00	32.7777
01/10/2024 10:05	30.2967
01/10/2024 10:10	31.3477
01/10/2024 10:15	31.1753
01/10/2024 10:20	38.1834
01/10/2024 10:25	38.2588
01/10/2024 10:30	36.6235
01/10/2024 10:35	37.8977
01/10/2024 10:40	38.7921
01/10/2024 10:45	37.9833
01/10/2024 10:50	36.8188
01/10/2024 10:55	39.0603
01/10/2024 11:00	36.4819
01/10/2024 11:05	37.1122
01/10/2024 11:10	37.7814
01/10/2024 11:15	38.4861
01/10/2024 11:20	36.324
01/10/2024 11:25	39.3002
01/10/2024 11:30	36.0424
01/10/2024 11:35	36.6003
01/10/2024 11:40	36.3328
01/10/2024 11:45	35.1328
01/10/2024 11:50	35.22
01/10/2024 11:55	32.1571
01/10/2024 12:00	33.1596
01/10/2024 12:05	33.4366
01/10/2024 12:10	35.0885
01/10/2024 12:15	36.5456
01/10/2024 12:20	36.3951
01/10/2024 12:25	35.5607
01/10/2024 12:30	33.8747
01/10/2024 12:35	37.6415
01/10/2024 12:40	34.5802
01/10/2024 12:45	35.1411
01/10/2024 12:50	31.0266
01/10/2024 12:55	32.6076
01/10/2024 13:00	31.7838
01/10/2024 13:05	30.1248
01/10/2024 13:10	28.1574
01/10/2024 13:15	26.9163
01/10/2024 13:20	24.8034
01/10/2024 13:25	25.5844
01/10/2024 13:30	24.0575
01/10/2024 13:35	23.2278
01/10/2024 13:40	25.6715
01/10/2024 13:45	27.2417
01/10/2024 13:50	26.6691
01/10/2024 13:55	27.3228
01/10/2024 14:00	26.7668
01/10/2024 14:05	30.3483
01/10/2024 14:10	25.4227
01/10/2024 14:15	25.0994
01/10/2024 14:20	31.3747
01/10/2024 14:25	31.0328
01/10/2024 14:30	33.1503
01/10/2024 14:35	33.0452
01/10/2024 14:40	32.9858
01/10/2024 14:45	35.5486
01/10/2024 14:50	31.7218
01/10/2024 14:55	29.566
01/10/2024 15:00	33.4501
01/10/2024 15:05	32.056
01/10/2024 15:10	31.8255
01/10/2024 15:15	33.5263
01/10/2024 15:20	32.3635
01/10/2024 15:25	31.7739
01/10/2024 15:30	31.3028
01/10/2024 15:35	27.9568
01/10/2024 15:40	29.7008
01/10/2024 15:45	30.1492
01/10/2024 15:50	29.5136
01/10/2024 15:55	29.0536
01/10/2024 16:00	31.5481
01/10/2024 16:05	27.2262
01/10/2024 16:10	28.0167
01/10/2024 16:15	29.668
01/10/2024 16:20	28.8767
01/10/2024 16:25	30.0939
01/10/2024 16:30	31.93
01/10/2024 16:35	32.1921
01/10/2024 16:40	30.3235
01/10/2024 16:45	30.9141
01/10/2024 16:50	28.5464
01/10/2024 16:55	29.8603
01/10/2024 17:00	29.3011
01/10/2024 17:05	30.1859
01/10/2024 17:10	28.4724
01/10/2024 17:15	27.8846
01/10/2024 17:20	28.3568
01/10/2024 17:25	27.6624
01/10/2024 17:30	26.1688
01/10/2024 17:35	26.3662
01/10/2024 17:40	27.1214
01/10/2024 17:45	26.9843
01/10/2024 17:50	25.3184
01/10/2024 17:55	25.8234
01/10/2024 18:00	25.7429
01/10/2024 18:05	25.2411
01/10/2024 18:10	22.8199
01/10/2024 18:15	22.2835
01/10/2024 18:20	23.3972
01/10/2024 18:25	21.6438
01/10/2024 18:30	21.6778
01/10/2024 18:35	19.7413
01/10/2024 18:40	18.1274
01/10/2024 18:45	18.0023
01/10/2024 18:50	17.3794
01/10/2024 18:55	17.1664
01/10/2024 19:00	16.4528
01/10/2024 19:05	16.9869
01/10/2024 19:10	17.0617
01/10/2024 19:15	16.7792
01/10/2024 19:20	20.0525
01/10/2024 19:25	17.6571
01/10/2024 19:30	17.4264
01/10/2024 19:35	17.1004
01/10/2024 19:40	16.4159
01/10/2024 19:45	16.3828
01/10/2024 19:50	18.1671
01/10/2024 19:55	17.9178
01/10/2024 20:00	17.006
01/10/2024 20:05	16.3658
01/10/2024 20:10	18.069
01/10/2024 20:15	18.8102
01/10/2024 20:20	18.8306
01/10/2024 20:25	17.5599
01/10/2024 20:30	16.6755
01/10/2024 20:35	17.6368
01/10/2024 20:40	18.7103
01/10/2024 20:45	15.9608
01/10/2024 20:50	15.5952
01/10/2024 20:55	14.779
01/10/2024 21:00	17.0958
01/10/2024 21:05	15.1502
01/10/2024 21:10	16.7579
01/10/2024 21:15	12.6412
01/10/2024 21:20	11.9762
01/10/2024 21:25	12.4451
01/10/2024 21:30	11.9875
01/10/2024 21:35	11.8687
01/10/2024 21:40	11.8053
01/10/2024 21:45	11.5861
01/10/2024 21:50	10.9764
01/10/2024 21:55	11.1168
01/10/2024 22:00	11.3433
01/10/2024 22:05	10.1798
01/10/2024 22:10	8.1963
01/10/2024 22:15	11.3813
01/10/2024 22:20	12.2107
01/10/2024 22:25	12.2419
01/10/2024 22:30	12.3341
01/10/2024 22:35	10.8225
01/10/2024 22:40	11.3113
01/10/2024 22:45	11.9477
01/10/2024 22:50	11.441
01/10/2024 22:55	11.5017
01/10/2024 23:00	11.5297
01/10/2024 23:05	11.5049
01/10/2024 23:10	11.914
01/10/2024 23:15	11.586
01/10/2024 23:20	11.6818
01/10/2024 23:25	10.4468
01/10/2024 23:30	9.6866
01/10/2024 23:35	9.7806
01/10/2024 23:40	9.2287
01/10/2024 23:45	10.0209
01/10/2024 23:50	9.9525
01/10/2024 23:55	11.2157
02/10/2024 00:00	9.5943
02/10/2024 00:05	8.3912
02/10/2024 00:10	9.4498
02/10/2024 00:15	8.9151
02/10/2024 00:20	9.4938
02/10/2024 00:25	9.8583
02/10/2024 00:30	9.8876
02/10/2024 00:35	9.8794
02/10/2024 00:40	9.7317
02/10/2024 00:45	9.0072
02/10/2024 00:50	9.2426
02/10/2024 00:55	9.5468
02/10/2024 01:00	8.7183
02/10/2024 01:05	9.3187
02/10/2024 01:10	8.9017
02/10/2024 01:15	10.1145
02/10/2024 01:20	9.9064
02/10/2024 01:25	9.1563
02/10/2024 01:30	9.6276
02/10/2024 01:35	9.6219
02/10/2024 01:40	8.8526
02/10/2024 01:45	8.0706
02/10/2024 01:50	8.5346
02/10/2024 01:55	8.772
02/10/2024 02:00	9.6526
02/10/2024 02:05	9.6905
02/10/2024 02:10	9.3932
02/10/2024 02:15	9.2076
02/10/2024 02:20	8.736
02/10/2024 02:25	9.407
02/10/2024 02:30	9.3316
02/10/2024 02:35	8.46
02/10/2024 02:40	9.3948
02/10/2024 02:45	10.1598
02/10/2024 02:50	9.4786
02/10/2024 02:55	9.227
02/10/2024 03:00	8.4209
02/10/2024 03:05	9.2843
02/10/2024 03:10	9.329
02/10/2024 03:15	8.7645
02/10/2024 03:20	9.4751
02/10/2024 03:25	8.2779
02/10/2024 03:30	9.3745
02/10/2024 03:35	9.2161
02/10/2024 03:40	9.0817
02/10/2024 03:45	9.2338
02/10/2024 03:50	9.3844
02/10/2024 03:55	9.6343
02/10/2024 04:00	8.9808
02/10/2024 04:05	9.4976
02/10/2024 04:10	9.8907
02/10/2024 04:15	9.5372
02/10/2024 04:20	9.4079
02/10/2024 04:25	8.5585
02/10/2024 04:30	9.3136
02/10/2024 04:35	9.745
02/10/2024 04:40	8.8148
02/10/2024 04:45	9.7106
02/10/2024 04:50	9.5671
02/10/2024 04:55	9.5746
02/10/2024 05:00	10.2585
02/10/2024 05:05	9.0622
02/10/2024 05:10	9.6415
02/10/2024 05:15	9.2091
02/10/2024 05:20	9.9378
02/10/2024 05:25	10.2427
02/10/2024 05:30	11.2415
02/10/2024 05:35	11.5016
02/10/2024 05:40	11.2986
02/10/2024 05:45	11.029
02/10/2024 05:50	10.6622
02/10/2024 05:55	10.6366
02/10/2024 06:00	11.775
02/10/2024 06:05	12.2197
02/10/2024 06:10	11.3811
02/10/2024 06:15	11.8845
02/10/2024 06:20	11.9876
02/10/2024 06:25	12.6472
02/10/2024 06:30	13.159
02/10/2024 06:35	12.4319
02/10/2024 06:40	13.5019
02/10/2024 06:45	12.7377
02/10/2024 06:50	13.1259
02/10/2024 06:55	12.0855
02/10/2024 07:00	14.1755
02/10/2024 07:05	14.5511
02/10/2024 07:10	18.5507
02/10/2024 07:15	24.6629
02/10/2024 07:20	21.3343
02/10/2024 07:25	21.2857
02/10/2024 07:30	22.1472
02/10/2024 07:35	20.9838
02/10/2024 07:40	21.4718
02/10/2024 07:45	23.8558
02/10/2024 07:50	23.2034
02/10/2024 07:55	23.4176
02/10/2024 08:00	22.9912
02/10/2024 08:05	23.8218
02/10/2024 08:10	27.0602
02/10/2024 08:15	27.2406
02/10/2024 08:20	28.6854
02/10/2024 08:25	32.669
02/10/2024 08:30	33.8855
02/10/2024 08:35	30.4727
02/10/2024 08:40	27.8672
02/10/2024 08:45	26.7565
02/10/2024 08:50	27.311
02/10/2024 08:55	26.6176
02/10/2024 09:00	28.8865
02/10/2024 09:05	32.6163
02/10/2024 09:10	32.7056
02/10/2024 09:15	32.2225
02/10/2024 09:20	31.4146
02/10/2024 09:25	31.7299
02/10/2024 09:30	33.4881
02/10/2024 09:35	33.0224
02/10/2024 09:40	30.4685
02/10/2024 09:45	31.7075
02/10/2024 09:50	31.1408
02/10/2024 09:55	32.1305
02/10/2024 10:00	32.9515
02/10/2024 10:05	30.8018
02/10/2024 10:10	32.1202
02/10/2024 10:15	32.6371
02/10/2024 10:20	31.4097
02/10/2024 10:25	34.1119
02/10/2024 10:30	35.0579
02/10/2024 10:35	36.5566
02/10/2024 10:40	35.2008
02/10/2024 10:45	36.1878
02/10/2024 10:50	34.3567
02/10/2024 10:55	38.059
02/10/2024 11:00	34.599
02/10/2024 11:05	38.637
02/10/2024 11:10	36.3893
02/10/2024 11:15	34.0757
02/10/2024 11:20	36.7518
02/10/2024 11:25	37.9183
02/10/2024 11:30	36.5288
02/10/2024 11:35	34.8159
02/10/2024 11:40	36.4959
02/10/2024 11:45	33.7554
02/10/2024 11:50	31.6476
02/10/2024 11:55	33.5653
02/10/2024 12:00	32.8146
02/10/2024 12:05	33.124
02/10/2024 12:10	32.2651
02/10/2024 12:15	33.5149
02/10/2024 12:20	32.2148
02/10/2024 12:25	33.8535
02/10/2024 12:30	33.8003
02/10/2024 12:35	32.174
02/10/2024 12:40	33.343
02/10/2024 12:45	33.6946
02/10/2024 12:50	33.0359
02/10/2024 12:55	34.2727
02/10/2024 13:00	34.4904
02/10/2024 13:05	32.0076
02/10/2024 13:10	32.1065
02/10/2024 13:15	32.0046
02/10/2024 13:20	33.2551
02/10/2024 13:25	33.2275
02/10/2024 13:30	32.0579
02/10/2024 13:35	32.8423
02/10/2024 13:40	31.0123
02/10/2024 13:45	32.5181
02/10/2024 13:50	33.1755
02/10/2024 13:55	32.8517
02/10/2024 14:00	33.756
02/10/2024 14:05	32.262
02/10/2024 14:10	32.3329
02/10/2024 14:15	31.2448
02/10/2024 14:20	37.0535
02/10/2024 14:25	36.6003
02/10/2024 14:30	34.1086
02/10/2024 14:35	38.092
02/10/2024 14:40	39.0683
02/10/2024 14:45	38.3549
02/10/2024 14:50	36.9185
02/10/2024 14:55	36.216
02/10/2024 15:00	36.2479
02/10/2024 15:05	38.4629
02/10/2024 15:10	39.8543
02/10/2024 15:15	38.5487
02/10/2024 15:20	40.779
02/10/2024 15:25	39.4042
02/10/2024 15:30	38.1127
02/10/2024 15:35	37.5187
02/10/2024 15:40	36.4651
02/10/2024 15:45	33.9572
02/10/2024 15:50	36.599
02/10/2024 15:55	35.9088
02/10/2024 16:00	35.8844
02/10/2024 16:05	38.1887
02/10/2024 16:10	36.4672
02/10/2024 16:15	37.3036
02/10/2024 16:20	36.6428
02/10/2024 16:25	36.344
02/10/2024 16:30	34.1679
02/10/2024 16:35	35.2611
02/10/2024 16:40	34.6998
02/10/2024 16:45	34.4626
02/10/2024 16:50	34.7686
02/10/2024 16:55	34.265
02/10/2024 17:00	32.3251
02/10/2024 17:05	34.1229
02/10/2024 17:10	31.0307
02/10/2024 17:15	30.0345
02/10/2024 17:20	32.3907
02/10/2024 17:25	30.7783
02/10/2024 17:30	30.7634
02/10/2024 17:35	27.8264
02/10/2024 17:40	29.3997
02/10/2024 17:45	28.4576
02/10/2024 17:50	27.2094
02/10/2024 17:55	27.0031
02/10/2024 18:00	23.6011
02/10/2024 18:05	23.7779
02/10/2024 18:10	23.2789
02/10/2024 18:15	21.5909
02/10/2024 18:20	22.0042
02/10/2024 18:25	22.0353
02/10/2024 18:30	22.5466
02/10/2024 18:35	24.7494
02/10/2024 18:40	23.6763
02/10/2024 18:45	22.4885
02/10/2024 18:50	20.8636
02/10/2024 18:55	19.9299
02/10/2024 19:00	18.1794
02/10/2024 19:05	17.9511
02/10/2024 19:10	18.1712
02/10/2024 19:15	19.9532
02/10/2024 19:20	20.1393
02/10/2024 19:25	17.7723
02/10/2024 19:30	16.9742
02/10/2024 19:35	16.9488
02/10/2024 19:40	17.2189
02/10/2024 19:45	17.7221
02/10/2024 19:50	20.6971
02/10/2024 19:55	18.2582
02/10/2024 20:00	17.3879
02/10/2024 20:05	17.5693
02/10/2024 20:10	17.2507
02/10/2024 20:15	19.6283
02/10/2024 20:20	17.9221
02/10/2024 20:25	16.3213
02/10/2024 20:30	16.5762
02/10/2024 20:35	19.1701
02/10/2024 20:40	17.8199
02/10/2024 20:45	17.2848
02/10/2024 20:50	17.6408
02/10/2024 20:55	18.1399
02/10/2024 21:00	18.7791
02/10/2024 21:05	15.9982
02/10/2024 21:10	15.0312
02/10/2024 21:15	15.1453
02/10/2024 21:20	14.4544
02/10/2024 21:25	14.919
02/10/2024 21:30	15.0485
02/10/2024 21:35	14.4888
02/10/2024 21:40	13.7785
02/10/2024 21:45	14.1156
02/10/2024 21:50	14.43
02/10/2024 21:55	12.5655
02/10/2024 22:00	12.6546
02/10/2024 22:05	11.8024
02/10/2024 22:10	9.0017
02/10/2024 22:15	12.4883
02/10/2024 22:20	13.5718
02/10/2024 22:25	13.9378
02/10/2024 22:30	12.4347
02/10/2024 22:35	12.7356
02/10/2024 22:40	13.345
02/10/2024 22:45	12.3218
02/10/2024 22:50	11.8453
02/10/2024 22:55	12.6164
02/10/2024 23:00	13.231
02/10/2024 23:05	11.8799
02/10/2024 23:10	13.0759
02/10/2024 23:15	13.3772
02/10/2024 23:20	11.7657
02/10/2024 23:25	12.2929
02/10/2024 23:30	12.2642
02/10/2024 23:35	12.0074
02/10/2024 23:40	12.2853
02/10/2024 23:45	12.2867
02/10/2024 23:50	11.956
02/10/2024 23:55	12.5336
03/10/2024 00:00	12.4504
03/10/2024 00:05	11.4731
03/10/2024 00:10	12.3305
03/10/2024 00:15	12.7851
03/10/2024 00:20	11.092
03/10/2024 00:25	12.0001
03/10/2024 00:30	12.761
03/10/2024 00:35	11.5135
03/10/2024 00:40	12.9733
03/10/2024 00:45	13.1054
03/10/2024 00:50	13.0445
03/10/2024 00:55	12.5084
03/10/2024 01:00	12.847
03/10/2024 01:05	12.5807
03/10/2024 01:10	11.3504
03/10/2024 01:15	11.6339
03/10/2024 01:20	12.1983
03/10/2024 01:25	11.5271
03/10/2024 01:30	11.8725
03/10/2024 01:35	12.7788
03/10/2024 01:40	12.7233
03/10/2024 01:45	11.7152
03/10/2024 01:50	11.7428
03/10/2024 01:55	11.038
03/10/2024 02:00	11.3485
03/10/2024 02:05	11.6581
03/10/2024 02:10	11.4664
03/10/2024 02:15	11.0581
03/10/2024 02:20	11.2401
03/10/2024 02:25	9.6755
03/10/2024 02:30	12.2689
03/10/2024 02:35	11.7191
03/10/2024 02:40	10.875
03/10/2024 02:45	12.1125
03/10/2024 02:50	12.0288
03/10/2024 02:55	10.8444
03/10/2024 03:00	11.5373
03/10/2024 03:05	10.7908
03/10/2024 03:10	11.5015
03/10/2024 03:15	11.4164
03/10/2024 03:20	11.7202
03/10/2024 03:25	12.4039
03/10/2024 03:30	11.7172
03/10/2024 03:35	10.8035
03/10/2024 03:40	11.5729
03/10/2024 03:45	11.3988
03/10/2024 03:50	10.9695
03/10/2024 03:55	11.7266
03/10/2024 04:00	10.5981
03/10/2024 04:05	11.4662
03/10/2024 04:10	10.2653
03/10/2024 04:15	11.3564
03/10/2024 04:20	11.8547
03/10/2024 04:25	11.4016
03/10/2024 04:30	11.8369
03/10/2024 04:35	11.9132
03/10/2024 04:40	11.8096
03/10/2024 04:45	11.2887
03/10/2024 04:50	10.7077
03/10/2024 04:55	11.2155
03/10/2024 05:00	11.2439
03/10/2024 05:05	12.6302
03/10/2024 05:10	12.7547
03/10/2024 05:15	12.2997
03/10/2024 05:20	12.4075
03/10/2024 05:25	11.5785
03/10/2024 05:30	12.9282
03/10/2024 05:35	11.8772
03/10/2024 05:40	11.6187
03/10/2024 05:45	12.6282
03/10/2024 05:50	12.4337
03/10/2024 05:55	13.2383
03/10/2024 06:00	12.6031
03/10/2024 06:05	12.4285
03/10/2024 06:10	13.251
03/10/2024 06:15	12.8503
03/10/2024 06:20	14.1967
03/10/2024 06:25	13.1771
03/10/2024 06:30	13.59
03/10/2024 06:35	13.7515
03/10/2024 06:40	14.5074
03/10/2024 06:45	15.0004
03/10/2024 06:50	13.8931
03/10/2024 06:55	13.7553
03/10/2024 07:00	21.0074
03/10/2024 07:05	23.5169
03/10/2024 07:10	22.915
03/10/2024 07:15	22.9489
03/10/2024 07:20	19.3387
03/10/2024 07:25	22.4686
03/10/2024 07:30	22.9935
03/10/2024 07:35	22.2579
03/10/2024 07:40	22.1597
03/10/2024 07:45	21.987
03/10/2024 07:50	21.8956
03/10/2024 07:55	22.6012
03/10/2024 08:00	25.1721
03/10/2024 08:05	25.8223
03/10/2024 08:10	26.892
03/10/2024 08:15	26.0888
03/10/2024 08:20	24.9181
03/10/2024 08:25	28.1211
03/10/2024 08:30	27.2558
03/10/2024 08:35	27.8345
03/10/2024 08:40	26.2542
03/10/2024 08:45	28.5334
03/10/2024 08:50	26.6576
03/10/2024 08:55	28.0098
03/10/2024 09:00	28.0935
03/10/2024 09:05	32.624
03/10/2024 09:10	36.2043
03/10/2024 09:15	34.6263
03/10/2024 09:20	31.2694
03/10/2024 09:25	33.0802
03/10/2024 09:30	32.4568
03/10/2024 09:35	32.8035
03/10/2024 09:40	31.4843
03/10/2024 09:45	32.7714
03/10/2024 09:50	31.6665
03/10/2024 09:55	32.9659
03/10/2024 10:00	33.421
03/10/2024 10:05	33.4729
03/10/2024 10:10	32.314
03/10/2024 10:15	38.6524
03/10/2024 10:20	36.0458
03/10/2024 10:25	38.5572
03/10/2024 10:30	40.7879
03/10/2024 10:35	38.0889
03/10/2024 10:40	37.5581
03/10/2024 10:45	35.9567
03/10/2024 10:50	37.6764
03/10/2024 10:55	37.4668
03/10/2024 11:00	35.6876
03/10/2024 11:05	35.4171
03/10/2024 11:10	34.7977
03/10/2024 11:15	37.6131
03/10/2024 11:20	37.3106
03/10/2024 11:25	38.0156
03/10/2024 11:30	37.3932
03/10/2024 11:35	38.5012
03/10/2024 11:40	36.5911
03/10/2024 11:45	36.7604
03/10/2024 11:50	34.2333
03/10/2024 11:55	34.7095
03/10/2024 12:00	33.5228
03/10/2024 12:05	33.8373
03/10/2024 12:10	33.6567
03/10/2024 12:15	35.8342
03/10/2024 12:20	37.6793
03/10/2024 12:25	39.5907
03/10/2024 12:30	37.0566
03/10/2024 12:35	36.1808
03/10/2024 12:40	36.2174
03/10/2024 12:45	36.0429
03/10/2024 12:50	35.3145
03/10/2024 12:55	35.0548
03/10/2024 13:00	35.4788
03/10/2024 13:05	38.3396
03/10/2024 13:10	34.8228
03/10/2024 13:15	37.8276
03/10/2024 13:20	36.0918
03/10/2024 13:25	38.3259
03/10/2024 13:30	35.3917
03/10/2024 13:35	38.9639
03/10/2024 13:40	36.6536
03/10/2024 13:45	36.8248
03/10/2024 13:50	36.7043
03/10/2024 13:55	35.1583
03/10/2024 14:00	35.0733
03/10/2024 14:05	32.8766
03/10/2024 14:10	32.7614
03/10/2024 14:15	36.4483
03/10/2024 14:20	35.0716
03/10/2024 14:25	39.9087
03/10/2024 14:30	41.9574
03/10/2024 14:35	40.8843
03/10/2024 14:40	39.2116
03/10/2024 14:45	39.4389
03/10/2024 14:50	42.9945
03/10/2024 14:55	39.0897
03/10/2024 15:00	40.6885
03/10/2024 15:05	38.3043
03/10/2024 15:10	39.0517
03/10/2024 15:15	28.5742
03/10/2024 15:20	2.8928
03/10/2024 15:25	12.7894
03/10/2024 15:30	26.0231
03/10/2024 15:35	29.255
03/10/2024 15:40	27.3775
03/10/2024 15:45	27.0619
03/10/2024 15:50	25.4232
03/10/2024 15:55	28.8433
03/10/2024 16:00	13.8648
03/10/2024 16:05	27.5414
03/10/2024 16:10	30.7661
03/10/2024 16:15	30.8423
03/10/2024 16:20	32.1694
03/10/2024 16:25	32.7148
03/10/2024 16:30	32.1333
03/10/2024 16:35	32.1264
03/10/2024 16:40	29.8785
03/10/2024 16:45	30.8697
03/10/2024 16:50	29.3313
03/10/2024 16:55	31.1086
03/10/2024 17:00	30.4266
03/10/2024 17:05	31.9719
03/10/2024 17:10	31.4134
03/10/2024 17:15	31.1566
03/10/2024 17:20	30.7749
03/10/2024 17:25	30.4262
03/10/2024 17:30	30.8885
03/10/2024 17:35	30.7365
03/10/2024 17:40	30.7215
03/10/2024 17:45	29.9266
03/10/2024 17:50	29.1253
03/10/2024 17:55	29.3106
03/10/2024 18:00	27.4389
03/10/2024 18:05	26.7654
03/10/2024 18:10	29.04
03/10/2024 18:15	26.3823
03/10/2024 18:20	27.2256
03/10/2024 18:25	28.1266
03/10/2024 18:30	27.5125
03/10/2024 18:35	28.4235
03/10/2024 18:40	28.6105
03/10/2024 18:45	25.9016
03/10/2024 18:50	23.2926
03/10/2024 18:55	24.0928
03/10/2024 19:00	20.4697
03/10/2024 19:05	20.1879
03/10/2024 19:10	20.689
03/10/2024 19:15	20.2269
03/10/2024 19:20	20.1092
03/10/2024 19:25	23.7241
03/10/2024 19:30	27.6206
03/10/2024 19:35	24.6587
03/10/2024 19:40	20.9001
03/10/2024 19:45	20.1408
03/10/2024 19:50	20.8542
03/10/2024 19:55	19.4861
03/10/2024 20:00	18.1829
03/10/2024 20:05	19.6718
03/10/2024 20:10	21.9568
03/10/2024 20:15	19.3492
03/10/2024 20:20	21.8718
03/10/2024 20:25	19.6753
03/10/2024 20:30	19.4078
03/10/2024 20:35	21.1793
03/10/2024 20:40	20.408
03/10/2024 20:45	19.0237
03/10/2024 20:50	19.1005
03/10/2024 20:55	19.3994
03/10/2024 21:00	19.3479
03/10/2024 21:05	22.0318
03/10/2024 21:10	20.0526
03/10/2024 21:15	19.9252
03/10/2024 21:20	18.7204
03/10/2024 21:25	17.5304
03/10/2024 21:30	15.3259
03/10/2024 21:35	16.4004
03/10/2024 21:40	15.9304
03/10/2024 21:45	14.2101
03/10/2024 21:50	13.5927
03/10/2024 21:55	13.5617
03/10/2024 22:00	14.0447
03/10/2024 22:05	12.7208
03/10/2024 22:10	9.88
03/10/2024 22:15	14.343
03/10/2024 22:20	14.1276
03/10/2024 22:25	13.7931
03/10/2024 22:30	14.7372
03/10/2024 22:35	14.8955
03/10/2024 22:40	14.2787
03/10/2024 22:45	13.7692
03/10/2024 22:50	13.6573
03/10/2024 22:55	13.4245
03/10/2024 23:00	13.6576
03/10/2024 23:05	13.214
03/10/2024 23:10	13.5541
03/10/2024 23:15	12.6055
03/10/2024 23:20	12.2877
03/10/2024 23:25	12.6295
03/10/2024 23:30	12.5719
03/10/2024 23:35	12.4843
03/10/2024 23:40	13.302
03/10/2024 23:45	13.9859
03/10/2024 23:50	13.7989
03/10/2024 23:55	13.0515
04/10/2024 00:00	12.8788
04/10/2024 00:05	13.1131
04/10/2024 00:10	12.3184
04/10/2024 00:15	12.2671
04/10/2024 00:20	12.5897
04/10/2024 00:25	11.8583
04/10/2024 00:30	11.5766
04/10/2024 00:35	11.1531
04/10/2024 00:40	11.7925
04/10/2024 00:45	11.1204
04/10/2024 00:50	12.094
04/10/2024 00:55	13.3029
04/10/2024 01:00	12.8275
04/10/2024 01:05	12.2082
04/10/2024 01:10	11.2681
04/10/2024 01:15	12.0418
04/10/2024 01:20	12.0276
04/10/2024 01:25	12.0832
04/10/2024 01:30	12.6105
04/10/2024 01:35	11.8697
04/10/2024 01:40	11.7
04/10/2024 01:45	11.8839
04/10/2024 01:50	12.0008
04/10/2024 01:55	11.8616
04/10/2024 02:00	11.1439
04/10/2024 02:05	11.9109
04/10/2024 02:10	12.0174
04/10/2024 02:15	11.415
04/10/2024 02:20	10.5504
04/10/2024 02:25	11.7576
04/10/2024 02:30	11.88
04/10/2024 02:35	11.9852
04/10/2024 02:40	11.7852
04/10/2024 02:45	12.168
04/10/2024 02:50	12.2297
04/10/2024 02:55	11.8128
04/10/2024 03:00	11.0805
04/10/2024 03:05	11.926
04/10/2024 03:10	12.1573
04/10/2024 03:15	12.0617
04/10/2024 03:20	11.896
04/10/2024 03:25	12.327
04/10/2024 03:30	11.8005
04/10/2024 03:35	11.6773
04/10/2024 03:40	10.7937
04/10/2024 03:45	11.0442
04/10/2024 03:50	10.9295
04/10/2024 03:55	12.4257
04/10/2024 04:00	11.8363
04/10/2024 04:05	11.9584
04/10/2024 04:10	11.9412
04/10/2024 04:15	11.8832
04/10/2024 04:20	11.0945
04/10/2024 04:25	11.909
04/10/2024 04:30	12.2549
04/10/2024 04:35	12.6165
04/10/2024 04:40	11.946
04/10/2024 04:45	11.1124
04/10/2024 04:50	11.7287
04/10/2024 04:55	11.8805
04/10/2024 05:00	12.2046
04/10/2024 05:05	11.6744
04/10/2024 05:10	12.8651
04/10/2024 05:15	11.5952
04/10/2024 05:20	12.5701
04/10/2024 05:25	11.2474
04/10/2024 05:30	12.6981
04/10/2024 05:35	13.2627
04/10/2024 05:40	12.9081
04/10/2024 05:45	13.2213
04/10/2024 05:50	13.8956
04/10/2024 05:55	14.169
04/10/2024 06:00	13.3546
04/10/2024 06:05	12.5884
04/10/2024 06:10	13.7012
04/10/2024 06:15	14.0347
04/10/2024 06:20	12.7531
04/10/2024 06:25	13.7453
04/10/2024 06:30	12.8957
04/10/2024 06:35	13.71
04/10/2024 06:40	13.6349
04/10/2024 06:45	13.027
04/10/2024 06:50	14.8483
04/10/2024 06:55	13.3084
04/10/2024 07:00	15.1744
04/10/2024 07:05	13.6437
04/10/2024 07:10	18.3958
04/10/2024 07:15	18.2329
04/10/2024 07:20	29.4253
04/10/2024 07:25	28.2399
04/10/2024 07:30	27.355
04/10/2024 07:35	26.8978
04/10/2024 07:40	29.6574
04/10/2024 07:45	27.8871
04/10/2024 07:50	30.2187
04/10/2024 07:55	28.797
04/10/2024 08:00	26.5749
04/10/2024 08:05	29.4658
04/10/2024 08:10	29.5425
04/10/2024 08:15	28.0191
04/10/2024 08:20	29.701
04/10/2024 08:25	35.1102
04/10/2024 08:30	32.3833
04/10/2024 08:35	31.8047
04/10/2024 08:40	31.672
04/10/2024 08:45	30.6725
04/10/2024 08:50	31.8391
04/10/2024 08:55	31.9627
04/10/2024 09:00	38.2879
04/10/2024 09:05	37.7712
04/10/2024 09:10	36.1047
04/10/2024 09:15	33.4957
04/10/2024 09:20	37.7265
04/10/2024 09:25	34.7546
04/10/2024 09:30	37.7836
04/10/2024 09:35	35.5887
04/10/2024 09:40	32.5811
04/10/2024 09:45	35.4557
04/10/2024 09:50	37.5561
04/10/2024 09:55	35.7776
04/10/2024 10:00	36.2036
04/10/2024 10:05	35.6575
04/10/2024 10:10	37.3314
04/10/2024 10:15	38.6724
04/10/2024 10:20	42.3748
04/10/2024 10:25	42.8768
04/10/2024 10:30	44.3169
04/10/2024 10:35	43.6055
04/10/2024 10:40	38.6917
04/10/2024 10:45	41.1905
04/10/2024 10:50	42.5681
04/10/2024 10:55	41.2777
04/10/2024 11:00	41.4505
04/10/2024 11:05	41.519
04/10/2024 11:10	41.9768
04/10/2024 11:15	39.3272
04/10/2024 11:20	38.2863
04/10/2024 11:25	36.5687
04/10/2024 11:30	39.1438
04/10/2024 11:35	38.5554
04/10/2024 11:40	40.1681
04/10/2024 11:45	40.1532
04/10/2024 11:50	38.7028
04/10/2024 11:55	39.6843
04/10/2024 12:00	37.3893
04/10/2024 12:05	39.0101
04/10/2024 12:10	38.3747
04/10/2024 12:15	40.2451
04/10/2024 12:20	40.4663
04/10/2024 12:25	44.3841
04/10/2024 12:30	41.3525
04/10/2024 12:35	41.7226
04/10/2024 12:40	39.6431
04/10/2024 12:45	37.5812
04/10/2024 12:50	37.304
04/10/2024 12:55	38.2515
04/10/2024 13:00	36.2797
04/10/2024 13:05	37.0507
04/10/2024 13:10	34.6368
04/10/2024 13:15	34.7635
04/10/2024 13:20	34.5083
04/10/2024 13:25	40.0591
04/10/2024 13:30	35.7397
04/10/2024 13:35	37.7955
04/10/2024 13:40	35.9039
04/10/2024 13:45	36.2576
04/10/2024 13:50	33.8178
04/10/2024 13:55	32.9756
04/10/2024 14:00	33.523
04/10/2024 14:05	34.1977
04/10/2024 14:10	35.9812
04/10/2024 14:15	33.8286
04/10/2024 14:20	35.0745
04/10/2024 14:25	38.123
04/10/2024 14:30	37.0989
04/10/2024 14:35	35.6616
04/10/2024 14:40	37.6305
04/10/2024 14:45	38.5976
04/10/2024 14:50	36.5325
04/10/2024 14:55	35.3358
04/10/2024 15:00	34.7601
04/10/2024 15:05	39.1191
04/10/2024 15:10	38.5529
04/10/2024 15:15	33.65
04/10/2024 15:20	31.8791
04/10/2024 15:25	34.2949
04/10/2024 15:30	34.3325
04/10/2024 15:35	35.5866
04/10/2024 15:40	36.9433
04/10/2024 15:45	35.2743
04/10/2024 15:50	35.8677
04/10/2024 15:55	35.3484
04/10/2024 16:00	33.9586
04/10/2024 16:05	34.913
04/10/2024 16:10	33.1085
04/10/2024 16:15	33.5765
04/10/2024 16:20	36.7409
04/10/2024 16:25	35.7986
04/10/2024 16:30	36.9751
04/10/2024 16:35	36.0772
04/10/2024 16:40	35.7459
04/10/2024 16:45	36.7529
04/10/2024 16:50	38.3975
04/10/2024 16:55	35.1347
04/10/2024 17:00	35.9061
04/10/2024 17:05	36.6827
04/10/2024 17:10	40.6299
04/10/2024 17:15	39.8005
04/10/2024 17:20	38.4795
04/10/2024 17:25	39.0305
04/10/2024 17:30	36.4657
04/10/2024 17:35	37.2068
04/10/2024 17:40	35.2696
04/10/2024 17:45	36.5029
04/10/2024 17:50	36.7101
04/10/2024 17:55	37.6426
04/10/2024 18:00	35.1683
04/10/2024 18:05	30.8715
04/10/2024 18:10	28.5355
04/10/2024 18:15	28.1376
04/10/2024 18:20	28.6413
04/10/2024 18:25	28.4417
04/10/2024 18:30	29.0147
04/10/2024 18:35	31.7032
04/10/2024 18:40	28.3326
04/10/2024 18:45	31.1651
04/10/2024 18:50	29.5849
04/10/2024 18:55	28.1591
04/10/2024 19:00	27.0175
04/10/2024 19:05	28.0712
04/10/2024 19:10	24.1262
04/10/2024 19:15	22.85
04/10/2024 19:20	23.5674
04/10/2024 19:25	23.999
04/10/2024 19:30	22.7568
04/10/2024 19:35	22.1519
04/10/2024 19:40	24.288
04/10/2024 19:45	22.7293
04/10/2024 19:50	20.2859
04/10/2024 19:55	20.5666
04/10/2024 20:00	19.9885
04/10/2024 20:05	17.9732
04/10/2024 20:10	19.7089
04/10/2024 20:15	20.4149
04/10/2024 20:20	20.921
04/10/2024 20:25	20.2554
04/10/2024 20:30	20.1411
04/10/2024 20:35	17.9295
04/10/2024 20:40	18.4871
04/10/2024 20:45	19.3502
04/10/2024 20:50	19.0705
04/10/2024 20:55	17.9711
04/10/2024 21:00	19.2367
04/10/2024 21:05	20.1293
04/10/2024 21:10	18.8674
04/10/2024 21:15	20.4357
04/10/2024 21:20	20.1334
04/10/2024 21:25	18.5147
04/10/2024 21:30	19.3979
04/10/2024 21:35	19.4842
04/10/2024 21:40	17.4765
04/10/2024 21:45	15.9307
04/10/2024 21:50	17.6739
04/10/2024 21:55	16.5792
04/10/2024 22:00	14.9838
04/10/2024 22:05	14.1256
04/10/2024 22:10	11.8339
04/10/2024 22:15	15.441
04/10/2024 22:20	16.8769
04/10/2024 22:25	16.1216
04/10/2024 22:30	16.3431
04/10/2024 22:35	15.1169
04/10/2024 22:40	15.3952
04/10/2024 22:45	15.1425
04/10/2024 22:50	15.6601
04/10/2024 22:55	16.4812
04/10/2024 23:00	16.5481
04/10/2024 23:05	14.8004
04/10/2024 23:10	14.3035
04/10/2024 23:15	14.4221
04/10/2024 23:20	14.6333
04/10/2024 23:25	14.2174
04/10/2024 23:30	13.8296
04/10/2024 23:35	14.5493
04/10/2024 23:40	14.3048
04/10/2024 23:45	14.5117
04/10/2024 23:50	13.8205
04/10/2024 23:55	14.3805
05/10/2024 00:00	13.6448
05/10/2024 00:05	14.3891
05/10/2024 00:10	13.3657
05/10/2024 00:15	14.0644
05/10/2024 00:20	14.4997
05/10/2024 00:25	13.4304
05/10/2024 00:30	13.3531
05/10/2024 00:35	13.0837
05/10/2024 00:40	13.384
05/10/2024 00:45	13.7495
05/10/2024 00:50	13.0744
05/10/2024 00:55	13.7862
05/10/2024 01:00	14.2267
05/10/2024 01:05	14.4449
05/10/2024 01:10	13.5634
05/10/2024 01:15	13.269
05/10/2024 01:20	13.4695
05/10/2024 01:25	13.4439
05/10/2024 01:30	13.6532
05/10/2024 01:35	14.0323
05/10/2024 01:40	14.1664
05/10/2024 01:45	13.926
05/10/2024 01:50	13.9553
05/10/2024 01:55	12.1191
05/10/2024 02:00	13.0124
05/10/2024 02:05	11.7911
05/10/2024 02:10	13.946
05/10/2024 02:15	13.1102
05/10/2024 02:20	13.7696
05/10/2024 02:25	13.8207
05/10/2024 02:30	14.3267
05/10/2024 02:35	12.6439
05/10/2024 02:40	13.289
05/10/2024 02:45	13.0038
05/10/2024 02:50	13.6484
05/10/2024 02:55	13.4229
05/10/2024 03:00	13.6798
05/10/2024 03:05	13.9915
05/10/2024 03:10	13.7012
05/10/2024 03:15	13.284
05/10/2024 03:20	12.0747
05/10/2024 03:25	13.3618
05/10/2024 03:30	11.8885
05/10/2024 03:35	13.3763
05/10/2024 03:40	12.6798
05/10/2024 03:45	13.4029
05/10/2024 03:50	13.2489
05/10/2024 03:55	14.1127
05/10/2024 04:00	12.7604
05/10/2024 04:05	13.518
05/10/2024 04:10	12.7838
05/10/2024 04:15	13.5559
05/10/2024 04:20	12.7833
05/10/2024 04:25	13.3382
05/10/2024 04:30	12.7056
05/10/2024 04:35	14.2592
05/10/2024 04:40	13.603
05/10/2024 04:45	12.2577
05/10/2024 04:50	13.0396
05/10/2024 04:55	12.2519
05/10/2024 05:00	13.3802
05/10/2024 05:05	14.0469
05/10/2024 05:10	13.7461
05/10/2024 05:15	13.9317
05/10/2024 05:20	14.8332
05/10/2024 05:25	14.1393
05/10/2024 05:30	14.4084
05/10/2024 05:35	13.727
05/10/2024 05:40	14.2872
05/10/2024 05:45	14.0446
05/10/2024 05:50	15.6887
05/10/2024 05:55	13.7591
05/10/2024 06:00	12.5066
05/10/2024 06:05	11.9866
05/10/2024 06:10	14.8499
05/10/2024 06:15	15.0133
05/10/2024 06:20	15.1591
05/10/2024 06:25	13.6037
05/10/2024 06:30	15.9685
05/10/2024 06:35	18.0129
05/10/2024 06:40	18.5528
05/10/2024 06:45	18.4754
05/10/2024 06:50	18.6507
05/10/2024 06:55	18.2864
05/10/2024 07:00	24.4344
05/10/2024 07:05	23.5268
05/10/2024 07:10	27.9335
05/10/2024 07:15	29.6398
05/10/2024 07:20	29.363
05/10/2024 07:25	30.1573
05/10/2024 07:30	29.6702
05/10/2024 07:35	29.0023
05/10/2024 07:40	28.7083
05/10/2024 07:45	29.079
05/10/2024 07:50	29.0502
05/10/2024 07:55	28.8222
05/10/2024 08:00	31.9591
05/10/2024 08:05	31.6777
05/10/2024 08:10	31.405
05/10/2024 08:15	32.3365
05/10/2024 08:20	33.1792
05/10/2024 08:25	33.7054
05/10/2024 08:30	35.8497
05/10/2024 08:35	37.6429
05/10/2024 08:40	35.0745
05/10/2024 08:45	34.4582
05/10/2024 08:50	35.9559
05/10/2024 08:55	37.0069
05/10/2024 09:00	37.1631
05/10/2024 09:05	37.14
05/10/2024 09:10	36.5443
05/10/2024 09:15	37.3323
05/10/2024 09:20	38.4587
05/10/2024 09:25	34.4614
05/10/2024 09:30	32.9143
05/10/2024 09:35	34.4695
05/10/2024 09:40	38.5059
05/10/2024 09:45	37.0366
05/10/2024 09:50	36.7896
05/10/2024 09:55	36.9331
05/10/2024 10:00	37.6262
05/10/2024 10:05	35.6908
05/10/2024 10:10	35.7194
05/10/2024 10:15	38.641
05/10/2024 10:20	35.2142
05/10/2024 10:25	35.1464
05/10/2024 10:30	37.4576
05/10/2024 10:35	37.0967
05/10/2024 10:40	36.4794
05/10/2024 10:45	35.1045
05/10/2024 10:50	38.0542
05/10/2024 10:55	39.6896
05/10/2024 11:00	38.1953
05/10/2024 11:05	37.542
05/10/2024 11:10	36.1529
05/10/2024 11:15	38.6315
05/10/2024 11:20	39.8226
05/10/2024 11:25	39.0714
05/10/2024 11:30	41.2695
05/10/2024 11:35	38.2395
05/10/2024 11:40	40.3706
05/10/2024 11:45	39.4596
05/10/2024 11:50	36.9922
05/10/2024 11:55	38.385
05/10/2024 12:00	37.3993
05/10/2024 12:05	37.6423
05/10/2024 12:10	34.6297
05/10/2024 12:15	35.0917
05/10/2024 12:20	35.2398
05/10/2024 12:25	35.0553
05/10/2024 12:30	36.815
05/10/2024 12:35	34.9901
05/10/2024 12:40	36.347
05/10/2024 12:45	34.7765
05/10/2024 12:50	36.7245
05/10/2024 12:55	34.9365
05/10/2024 13:00	35.2152
05/10/2024 13:05	33.5328
05/10/2024 13:10	34.3501
05/10/2024 13:15	34.2862
05/10/2024 13:20	33.6263
05/10/2024 13:25	33.6558
05/10/2024 13:30	33.5408
05/10/2024 13:35	33.4217
05/10/2024 13:40	39.334
05/10/2024 13:45	36.5417
05/10/2024 13:50	37.4284
05/10/2024 13:55	37.3467
05/10/2024 14:00	38.4724
05/10/2024 14:05	34.4974
05/10/2024 14:10	34.6826
05/10/2024 14:15	34.0326
05/10/2024 14:20	37.2441
05/10/2024 14:25	40.0883
05/10/2024 14:30	38.8075
05/10/2024 14:35	35.8764
05/10/2024 14:40	41.2793
05/10/2024 14:45	37.0632
05/10/2024 14:50	37.5703
05/10/2024 14:55	36.0778
05/10/2024 15:00	41.8391
05/10/2024 15:05	38.662
05/10/2024 15:10	37.2338
05/10/2024 15:15	34.6563
05/10/2024 15:20	36.7274
05/10/2024 15:25	39.3686
05/10/2024 15:30	38.9369
05/10/2024 15:35	39.4656
05/10/2024 15:40	38.0128
05/10/2024 15:45	39.2765
05/10/2024 15:50	39.9481
05/10/2024 15:55	35.4597
05/10/2024 16:00	38.2411
05/10/2024 16:05	37.353
05/10/2024 16:10	38.1576
05/10/2024 16:15	36.1773
05/10/2024 16:20	36.8623
05/10/2024 16:25	37.05
05/10/2024 16:30	36.6223
05/10/2024 16:35	35.2424
05/10/2024 16:40	34.8061
05/10/2024 16:45	33.4445
05/10/2024 16:50	38.1386
05/10/2024 16:55	34.5828
05/10/2024 17:00	35.6614
05/10/2024 17:05	34.2759
05/10/2024 17:10	34.0243
05/10/2024 17:15	37.3256
05/10/2024 17:20	33.1736
05/10/2024 17:25	34.8473
05/10/2024 17:30	33.4723
05/10/2024 17:35	34.2272
05/10/2024 17:40	33.7174
05/10/2024 17:45	32.7291
05/10/2024 17:50	32.2804
05/10/2024 17:55	33.2935
05/10/2024 18:00	34.5166
05/10/2024 18:05	30.4316
05/10/2024 18:10	29.4572
05/10/2024 18:15	30.1645
05/10/2024 18:20	30.5285
05/10/2024 18:25	27.9434
05/10/2024 18:30	27.743
05/10/2024 18:35	29.4585
05/10/2024 18:40	28.314
05/10/2024 18:45	27.4246
05/10/2024 18:50	27.8283
05/10/2024 18:55	27.5467
05/10/2024 19:00	26.62
05/10/2024 19:05	26.779
05/10/2024 19:10	28.2579
05/10/2024 19:15	27.4114
05/10/2024 19:20	26.973
05/10/2024 19:25	23.7756
05/10/2024 19:30	26.2973
05/10/2024 19:35	29.018
05/10/2024 19:40	32.558
05/10/2024 19:45	28.9808
05/10/2024 19:50	28.2512
05/10/2024 19:55	28.0381
05/10/2024 20:00	25.5549
05/10/2024 20:05	24.6044
05/10/2024 20:10	25.0527
05/10/2024 20:15	27.3708
05/10/2024 20:20	26.7842
05/10/2024 20:25	25.6127
05/10/2024 20:30	24.2558
05/10/2024 20:35	25.1529
05/10/2024 20:40	28.3699
05/10/2024 20:45	26.1423
05/10/2024 20:50	24.3545
05/10/2024 20:55	23.577
05/10/2024 21:00	25.628
05/10/2024 21:05	25.6064
05/10/2024 21:10	23.0801
05/10/2024 21:15	23.3977
05/10/2024 21:20	25.6761
05/10/2024 21:25	23.5482
05/10/2024 21:30	24.2006
05/10/2024 21:35	21.9544
05/10/2024 21:40	22.4965
05/10/2024 21:45	19.9012
05/10/2024 21:50	17.2823
05/10/2024 21:55	17.1999
05/10/2024 22:00	18.8179
05/10/2024 22:05	14.0758
05/10/2024 22:10	11.533
05/10/2024 22:15	14.8936
05/10/2024 22:20	16.652
05/10/2024 22:25	15.395
05/10/2024 22:30	17.1086
05/10/2024 22:35	16.2973
05/10/2024 22:40	16.5005
05/10/2024 22:45	15.7734
05/10/2024 22:50	15.4911
05/10/2024 22:55	16.5871
05/10/2024 23:00	15.3677
05/10/2024 23:05	15.5486
05/10/2024 23:10	15.3791
05/10/2024 23:15	16.5688
05/10/2024 23:20	17.3179
05/10/2024 23:25	15.8481
05/10/2024 23:30	14.8098
05/10/2024 23:35	15.4478
05/10/2024 23:40	14.6828
05/10/2024 23:45	15.7467
05/10/2024 23:50	16.7448
05/10/2024 23:55	16.5638
06/10/2024 00:00	15.6845
06/10/2024 00:05	15.4362
06/10/2024 00:10	15.0303
06/10/2024 00:15	15.5859
06/10/2024 00:20	16.3315
06/10/2024 00:25	15.119
06/10/2024 00:30	15.9159
06/10/2024 00:35	16.296
06/10/2024 00:40	15.6161
06/10/2024 00:45	14.287
06/10/2024 00:50	16.4104
06/10/2024 00:55	13.994
06/10/2024 01:00	15.6146
06/10/2024 01:05	15.0551
06/10/2024 01:10	16.6187
06/10/2024 01:15	15.6636
06/10/2024 01:20	16.9902
06/10/2024 01:25	15.0662
06/10/2024 01:30	15.6324
06/10/2024 01:35	14.7077
06/10/2024 01:40	15.0156
06/10/2024 01:45	14.883
06/10/2024 01:50	17.0864
06/10/2024 01:55	15.4433
06/10/2024 02:00	14.4433
06/10/2024 02:05	14.6966
06/10/2024 02:10	14.6185
06/10/2024 02:15	15.1339
06/10/2024 02:20	14.6045
06/10/2024 02:25	15.3383
06/10/2024 02:30	14.4315
06/10/2024 02:35	16.0019
06/10/2024 02:40	14.4116
06/10/2024 02:45	15.4291
06/10/2024 02:50	14.9551
06/10/2024 02:55	15.502
06/10/2024 03:00	14.8074
06/10/2024 03:05	15.5276
06/10/2024 03:10	15.4289
06/10/2024 03:15	16.3152
06/10/2024 03:20	15.0021
06/10/2024 03:25	14.4611
06/10/2024 03:30	14.6976
06/10/2024 03:35	14.5575
06/10/2024 03:40	14.9312
06/10/2024 03:45	16.1389
06/10/2024 03:50	15.8249
06/10/2024 03:55	14.0019
06/10/2024 04:00	14.7089
06/10/2024 04:05	13.9796
06/10/2024 04:10	15.0964
06/10/2024 04:15	15.9215
06/10/2024 04:20	15.3693
06/10/2024 04:25	14.7126
06/10/2024 04:30	16.0443
06/10/2024 04:35	14.7918
06/10/2024 04:40	14.7929
06/10/2024 04:45	14.5524
06/10/2024 04:50	16.318
06/10/2024 04:55	14.702
06/10/2024 05:00	14.9759
06/10/2024 05:05	12.6141
06/10/2024 05:10	13.9765
06/10/2024 05:15	16.2147
06/10/2024 05:20	16.051
06/10/2024 05:25	17.2488
06/10/2024 05:30	14.7622
06/10/2024 05:35	15.8761
06/10/2024 05:40	14.6895
06/10/2024 05:45	16.3603
06/10/2024 05:50	16.2598
06/10/2024 05:55	15.8749
06/10/2024 06:00	16.9668
06/10/2024 06:05	18.8472
06/10/2024 06:10	20.9242
06/10/2024 06:15	21.2151
06/10/2024 06:20	20.2307
06/10/2024 06:25	20.9988
06/10/2024 06:30	21.5012
06/10/2024 06:35	22.1917
06/10/2024 06:40	26.3505
06/10/2024 06:45	26.3466
06/10/2024 06:50	29.0597
06/10/2024 06:55	27.9833
06/10/2024 07:00	28.2382
06/10/2024 07:05	25.7593
06/10/2024 07:10	25.2233
06/10/2024 07:15	27.9811
06/10/2024 07:20	29.6877
06/10/2024 07:25	30.7633
06/10/2024 07:30	30.5694
06/10/2024 07:35	29.3224
06/10/2024 07:40	25.5972
06/10/2024 07:45	26.7343
06/10/2024 07:50	25.4034
06/10/2024 07:55	28.7018
06/10/2024 08:00	28.5304
06/10/2024 08:05	29.4586
06/10/2024 08:10	28.0096
06/10/2024 08:15	27.1342
06/10/2024 08:20	27.323
06/10/2024 08:25	27.1299
06/10/2024 08:30	28.2115
06/10/2024 08:35	27.5459
06/10/2024 08:40	28.693
06/10/2024 08:45	27.8728
06/10/2024 08:50	28.2541
06/10/2024 08:55	29.1645
06/10/2024 09:00	28.1815
06/10/2024 09:05	31.2538
06/10/2024 09:10	30.0057
06/10/2024 09:15	28.2664
06/10/2024 09:20	36.2767
06/10/2024 09:25	33.9083
06/10/2024 09:30	32.4993
06/10/2024 09:35	37.067
06/10/2024 09:40	38.5961
06/10/2024 09:45	35.0691
06/10/2024 09:50	35.9643
06/10/2024 09:55	38.7158
06/10/2024 10:00	36.8699
06/10/2024 10:05	38.1204
06/10/2024 10:10	39.0409
06/10/2024 10:15	40.7053
06/10/2024 10:20	37.1254
06/10/2024 10:25	39.5381
06/10/2024 10:30	42.3469
06/10/2024 10:35	40.4232
06/10/2024 10:40	40.2542
06/10/2024 10:45	42.2681
06/10/2024 10:50	40.7468
06/10/2024 10:55	41.3115
06/10/2024 11:00	38.5144
06/10/2024 11:05	38.9193
06/10/2024 11:10	38.9166
06/10/2024 11:15	40.8465
06/10/2024 11:20	39.4718
06/10/2024 11:25	40.5169
06/10/2024 11:30	38.6595
06/10/2024 11:35	39.51
06/10/2024 11:40	38.2208
06/10/2024 11:45	37.2178
06/10/2024 11:50	39.502
06/10/2024 11:55	38.526
06/10/2024 12:00	39.4254
06/10/2024 12:05	38.0264
06/10/2024 12:10	39.764
06/10/2024 12:15	41.2056
06/10/2024 12:20	40.5294
06/10/2024 12:25	39.0457
06/10/2024 12:30	40.9109
06/10/2024 12:35	43.379
06/10/2024 12:40	41.1245
06/10/2024 12:45	38.7296
06/10/2024 12:50	37.3832
06/10/2024 12:55	39.307
06/10/2024 13:00	36.7541
06/10/2024 13:05	37.593
06/10/2024 13:10	36.4598
06/10/2024 13:15	37.9425
06/10/2024 13:20	36.5236
06/10/2024 13:25	35.9462
06/10/2024 13:30	36.7547
06/10/2024 13:35	36.9111
06/10/2024 13:40	34.9166
06/10/2024 13:45	34.5336
06/10/2024 13:50	34.8214
06/10/2024 13:55	37.8625
06/10/2024 14:00	36.4934
06/10/2024 14:05	37.3201
06/10/2024 14:10	39.8952
06/10/2024 14:15	36.4828
06/10/2024 14:20	38.5042
06/10/2024 14:25	36.6207
06/10/2024 14:30	36.6672
06/10/2024 14:35	34.6656
06/10/2024 14:40	37.2857
06/10/2024 14:45	37.7383
06/10/2024 14:50	37.9164
06/10/2024 14:55	37.3606
06/10/2024 15:00	35.9343
06/10/2024 15:05	37.6313
06/10/2024 15:10	38.6306
06/10/2024 15:15	43.0724
06/10/2024 15:20	41.0631
06/10/2024 15:25	37.8414
06/10/2024 15:30	38.3325
06/10/2024 15:35	38.5825
06/10/2024 15:40	36.4247
06/10/2024 15:45	42.9042
06/10/2024 15:50	36.1748
06/10/2024 15:55	36.7485
06/10/2024 16:00	36.3938
06/10/2024 16:05	36.4992
06/10/2024 16:10	34.8992
06/10/2024 16:15	34.8014
06/10/2024 16:20	35.6347
06/10/2024 16:25	35.6825
06/10/2024 16:30	36.2663
06/10/2024 16:35	36.765
06/10/2024 16:40	36.2454
06/10/2024 16:45	35.7969
06/10/2024 16:50	34.4441
06/10/2024 16:55	34.239
06/10/2024 17:00	35.1311
06/10/2024 17:05	34.5318
06/10/2024 17:10	32.7214
06/10/2024 17:15	32.087
06/10/2024 17:20	32.1956
06/10/2024 17:25	32.884
06/10/2024 17:30	31.8928
06/10/2024 17:35	31.4663
06/10/2024 17:40	30.1906
06/10/2024 17:45	31.3213
06/10/2024 17:50	31.3109
06/10/2024 17:55	31.5559
06/10/2024 18:00	27.3343
06/10/2024 18:05	25.1492
06/10/2024 18:10	23.9179
06/10/2024 18:15	25.4775
06/10/2024 18:20	24.4445
06/10/2024 18:25	24.9168
06/10/2024 18:30	25.4722
06/10/2024 18:35	25.5334
06/10/2024 18:40	25.6877
06/10/2024 18:45	26.3261
06/10/2024 18:50	25.5273
06/10/2024 18:55	26.5761
06/10/2024 19:00	28.4909
06/10/2024 19:05	27.4842
06/10/2024 19:10	27.2007
06/10/2024 19:15	28.3902
06/10/2024 19:20	29.0175
06/10/2024 19:25	28.7107
06/10/2024 19:30	24.5577
06/10/2024 19:35	23.4204
06/10/2024 19:40	22.9369
06/10/2024 19:45	21.6603
06/10/2024 19:50	22.9578
06/10/2024 19:55	22.2207
06/10/2024 20:00	21.4097
06/10/2024 20:05	21.172
06/10/2024 20:10	21.2135
06/10/2024 20:15	21.0273
06/10/2024 20:20	21.0044
06/10/2024 20:25	22.3115
06/10/2024 20:30	21.6087
06/10/2024 20:35	21.7783
06/10/2024 20:40	22.1823
06/10/2024 20:45	23.8272
06/10/2024 20:50	22.3474
06/10/2024 20:55	22.8408
06/10/2024 21:00	22.1615
06/10/2024 21:05	20.5842
06/10/2024 21:10	22.1582
06/10/2024 21:15	23.0453
06/10/2024 21:20	21.5585
06/10/2024 21:25	20.0279
06/10/2024 21:30	21.7093
06/10/2024 21:35	19.2736
06/10/2024 21:40	20.2533
06/10/2024 21:45	18.8286
06/10/2024 21:50	18.8694
06/10/2024 21:55	17.3683
06/10/2024 22:00	17.9419
06/10/2024 22:05	16.1769
06/10/2024 22:10	16.1575
06/10/2024 22:15	18.6278
06/10/2024 22:20	16.9
06/10/2024 22:25	16.9794
06/10/2024 22:30	15.4407
06/10/2024 22:35	15.9155
06/10/2024 22:40	15.3913
06/10/2024 22:45	15.3545
06/10/2024 22:50	14.8831
06/10/2024 22:55	15.9556
06/10/2024 23:00	14.4629
06/10/2024 23:05	14.4151
06/10/2024 23:10	13.8168
06/10/2024 23:15	14.8277
06/10/2024 23:20	14.6343
06/10/2024 23:25	14.8364
06/10/2024 23:30	15.5122
06/10/2024 23:35	14.5048
06/10/2024 23:40	14.1083
06/10/2024 23:45	14.3232
06/10/2024 23:50	14.4514
06/10/2024 23:55	13.7519
07/10/2024 00:00	14.691
07/10/2024 00:05	14.5392
07/10/2024 00:10	14.7878
07/10/2024 00:15	14.4108
07/10/2024 00:20	15.3543
07/10/2024 00:25	13.5706
07/10/2024 00:30	14.8951
07/10/2024 00:35	13.8388
07/10/2024 00:40	14.3195
07/10/2024 00:45	14.7904
07/10/2024 00:50	14.8627
07/10/2024 00:55	14.135
07/10/2024 01:00	14.5898
07/10/2024 01:05	13.7682
07/10/2024 01:10	14.2039
07/10/2024 01:15	13.7284
07/10/2024 01:20	14.5357
07/10/2024 01:25	14.9661
07/10/2024 01:30	14.0371
07/10/2024 01:35	14.3413
07/10/2024 01:40	13.4794
07/10/2024 01:45	14.2602
07/10/2024 01:50	13.8164
07/10/2024 01:55	14.139
07/10/2024 02:00	14.2716
07/10/2024 02:05	14.452
07/10/2024 02:10	13.2857
07/10/2024 02:15	14.4104
07/10/2024 02:20	12.9238
07/10/2024 02:25	14.2431
07/10/2024 02:30	12.9155
07/10/2024 02:35	14.2981
07/10/2024 02:40	14.6742
07/10/2024 02:45	14.6139
07/10/2024 02:50	13.925
07/10/2024 02:55	13.0017
07/10/2024 03:00	14.27
07/10/2024 03:05	13.3832
07/10/2024 03:10	13.0071
07/10/2024 03:15	12.9202
07/10/2024 03:20	13.9043
07/10/2024 03:25	14.1679
07/10/2024 03:30	13.4867
07/10/2024 03:35	13.1348
07/10/2024 03:40	13.3504
07/10/2024 03:45	13.4329
07/10/2024 03:50	13.7036
07/10/2024 03:55	13.3228
07/10/2024 04:00	14.7269
07/10/2024 04:05	13.7609
07/10/2024 04:10	14.3729
07/10/2024 04:15	12.8501
07/10/2024 04:20	14.0957
07/10/2024 04:25	13.0359
07/10/2024 04:30	13.9778
07/10/2024 04:35	13.1909
07/10/2024 04:40	14.6843
07/10/2024 04:45	13.5446
07/10/2024 04:50	13.6972
07/10/2024 04:55	13.7855
07/10/2024 05:00	13.8552
07/10/2024 05:05	15.0933
07/10/2024 05:10	14.5702
07/10/2024 05:15	15.1763
07/10/2024 05:20	15.0811
07/10/2024 05:25	15.668
07/10/2024 05:30	14.4215
07/10/2024 05:35	15.2482
07/10/2024 05:40	15.0201
07/10/2024 05:45	16.0978
07/10/2024 05:50	11.5358
07/10/2024 05:55	13.2841
07/10/2024 06:00	15.9975
07/10/2024 06:05	14.9594
07/10/2024 06:10	14.7448
07/10/2024 06:15	14.8709
07/10/2024 06:20	16.6039
07/10/2024 06:25	20.211
07/10/2024 06:30	21.6668
07/10/2024 06:35	22.8106
07/10/2024 06:40	22.6916
07/10/2024 06:45	23.0359
07/10/2024 06:50	22.0784
07/10/2024 06:55	22.394
07/10/2024 07:00	21.7415
07/10/2024 07:05	22.2448
07/10/2024 07:10	24.6552
07/10/2024 07:15	22.209
07/10/2024 07:20	24.7121
07/10/2024 07:25	33.8177
07/10/2024 07:30	34.1956
07/10/2024 07:35	30.7538
07/10/2024 07:40	27.9526
07/10/2024 07:45	29.1497
07/10/2024 07:50	27.7664
07/10/2024 07:55	26.6734
07/10/2024 08:00	25.8773
07/10/2024 08:05	29.2297
07/10/2024 08:10	28.3729
07/10/2024 08:15	29.2778
07/10/2024 08:20	22.7733
07/10/2024 08:25	28.6071
07/10/2024 08:30	33.4114
07/10/2024 08:35	31.9945
07/10/2024 08:40	32.7918
07/10/2024 08:45	33.2861
07/10/2024 08:50	35.1368
07/10/2024 08:55	35.9774
07/10/2024 09:00	34.4049
07/10/2024 09:05	37.3073
07/10/2024 09:10	38.0165
07/10/2024 09:15	36.7034
07/10/2024 09:20	37.0237
07/10/2024 09:25	38.8713
07/10/2024 09:30	37.6664
07/10/2024 09:35	37.2053
07/10/2024 09:40	35.4727
07/10/2024 09:45	36.6357
07/10/2024 09:50	36.6931
07/10/2024 09:55	38.2439
07/10/2024 10:00	37.0094
07/10/2024 10:05	37.4562
07/10/2024 10:10	38.4323
07/10/2024 10:15	38.1166
07/10/2024 10:20	39.1902
07/10/2024 10:25	39.191
07/10/2024 10:30	39.2003
07/10/2024 10:35	38.1312
07/10/2024 10:40	38.8282
07/10/2024 10:45	40.9073
07/10/2024 10:50	37.0842
07/10/2024 10:55	39.6039
07/10/2024 11:00	38.5608
07/10/2024 11:05	38.3151
07/10/2024 11:10	38.3174
07/10/2024 11:15	37.4787
07/10/2024 11:20	37.573
07/10/2024 11:25	36.7526
07/10/2024 11:30	38.0111
07/10/2024 11:35	36.8141
07/10/2024 11:40	38.0171
07/10/2024 11:45	38.2777
07/10/2024 11:50	39.1238
07/10/2024 11:55	39.2528
07/10/2024 12:00	38.5572
07/10/2024 12:05	39.9185
07/10/2024 12:10	43.3724
07/10/2024 12:15	44.3211
07/10/2024 12:20	43.7105
07/10/2024 12:25	39.79
07/10/2024 12:30	38.9749
07/10/2024 12:35	41.6316
07/10/2024 12:40	38.6556
07/10/2024 12:45	37.9329
07/10/2024 12:50	37.4162
07/10/2024 12:55	38.7896
07/10/2024 13:00	38.1497
07/10/2024 13:05	38.9152
07/10/2024 13:10	36.7221
07/10/2024 13:15	36.0562
07/10/2024 13:20	35.8438
07/10/2024 13:25	37.437
07/10/2024 13:30	37.4964
07/10/2024 13:35	36.9242
07/10/2024 13:40	37.5739
07/10/2024 13:45	34.4516
07/10/2024 13:50	37.7691
07/10/2024 13:55	35.3838
07/10/2024 14:00	34.3109
07/10/2024 14:05	36.3799
07/10/2024 14:10	37.6497
07/10/2024 14:15	39.5153
07/10/2024 14:20	39.6317
07/10/2024 14:25	40.485
07/10/2024 14:30	37.0967
07/10/2024 14:35	40.6011
07/10/2024 14:40	38.3862
07/10/2024 14:45	36.6225
07/10/2024 14:50	35.757
07/10/2024 14:55	36.9663
07/10/2024 15:00	35.0964
07/10/2024 15:05	33.4433
07/10/2024 15:10	34.4793
07/10/2024 15:15	33.8527
07/10/2024 15:20	35.7909
07/10/2024 15:25	36.2061
07/10/2024 15:30	36.2601
07/10/2024 15:35	35.7944
07/10/2024 15:40	36.0276
07/10/2024 15:45	35.9498
07/10/2024 15:50	36.2324
07/10/2024 15:55	35.5759
07/10/2024 16:00	34.8073
07/10/2024 16:05	35.4421
07/10/2024 16:10	34.3186
07/10/2024 16:15	35.0659
07/10/2024 16:20	35.6362
07/10/2024 16:25	35.3172
07/10/2024 16:30	34.7559
07/10/2024 16:35	34.2866
07/10/2024 16:40	35.494
07/10/2024 16:45	33.3296
07/10/2024 16:50	35.614
07/10/2024 16:55	33.8797
07/10/2024 17:00	34.4954
07/10/2024 17:05	32.46
07/10/2024 17:10	33.5005
07/10/2024 17:15	33.7935
07/10/2024 17:20	32.2804
07/10/2024 17:25	35.209
07/10/2024 17:30	33.7602
07/10/2024 17:35	32.2871
07/10/2024 17:40	32.5541
07/10/2024 17:45	28.4878
07/10/2024 17:50	25.0705
07/10/2024 17:55	26.2571
07/10/2024 18:00	26.6383
07/10/2024 18:05	24.6291
07/10/2024 18:10	25.1741
07/10/2024 18:15	24.1697
07/10/2024 18:20	22.7892
07/10/2024 18:25	21.2864
07/10/2024 18:30	22.0034
07/10/2024 18:35	22.5387
07/10/2024 18:40	22.9564
07/10/2024 18:45	22.0458
07/10/2024 18:50	23.0832
07/10/2024 18:55	22.8608
07/10/2024 19:00	22.718
07/10/2024 19:05	23.5972
07/10/2024 19:10	26.0634
07/10/2024 19:15	21.6505
07/10/2024 19:20	20.7012
07/10/2024 19:25	20.6818
07/10/2024 19:30	17.8705
07/10/2024 19:35	16.3034
07/10/2024 19:40	17.8133
07/10/2024 19:45	17.0977
07/10/2024 19:50	16.6697
07/10/2024 19:55	15.0214
07/10/2024 20:00	16.9214
07/10/2024 20:05	17.0895
07/10/2024 20:10	16.0929
07/10/2024 20:15	15.7398
07/10/2024 20:20	16.6789
07/10/2024 20:25	15.8099
07/10/2024 20:30	15.9065
07/10/2024 20:35	15.9543
07/10/2024 20:40	15.0557
07/10/2024 20:45	17.4515
07/10/2024 20:50	17.7947
07/10/2024 20:55	17.654
07/10/2024 21:00	16.3119
07/10/2024 21:05	15.6105
07/10/2024 21:10	18.2836
07/10/2024 21:15	16.3932
07/10/2024 21:20	17.562
07/10/2024 21:25	15.6681
07/10/2024 21:30	15.5024
07/10/2024 21:35	13.7803
07/10/2024 21:40	14.085
07/10/2024 21:45	13.2143
07/10/2024 21:50	12.1597
07/10/2024 21:55	13.0593
07/10/2024 22:00	11.8303
07/10/2024 22:05	10.9232
07/10/2024 22:10	9.1599
07/10/2024 22:15	10.9875
07/10/2024 22:20	11.5254
07/10/2024 22:25	11.5396
07/10/2024 22:30	10.5506
07/10/2024 22:35	10.5691
07/10/2024 22:40	11.9348
07/10/2024 22:45	11.6894
07/10/2024 22:50	10.7514
07/10/2024 22:55	11.5067
07/10/2024 23:00	10.9001
07/10/2024 23:05	11.1011
07/10/2024 23:10	11.1615
07/10/2024 23:15	10.384
07/10/2024 23:20	10.9783
07/10/2024 23:25	11.6952
07/10/2024 23:30	11.2506
07/10/2024 23:35	10.5485
07/10/2024 23:40	11.0786
07/10/2024 23:45	10.9215
07/10/2024 23:50	10.645
07/10/2024 23:55	11.0282
08/10/2024 00:00	10.4916
08/10/2024 00:05	11.0178
08/10/2024 00:10	11.2968
08/10/2024 00:15	10.2093
08/10/2024 00:20	10.6021
08/10/2024 00:25	10.8048
08/10/2024 00:30	10.7266
08/10/2024 00:35	10.6117
08/10/2024 00:40	11.1557
08/10/2024 00:45	10.9444
08/10/2024 00:50	10.91
08/10/2024 00:55	10.6338
08/10/2024 01:00	9.5135
08/10/2024 01:05	10.1878
08/10/2024 01:10	9.7838
08/10/2024 01:15	10.7395
08/10/2024 01:20	10.9057
08/10/2024 01:25	11.5031
08/10/2024 01:30	10.9922
08/10/2024 01:35	10.2232
08/10/2024 01:40	10.6366
08/10/2024 01:45	10.241
08/10/2024 01:50	10.1475
08/10/2024 01:55	10.4969
08/10/2024 02:00	10.6566
08/10/2024 02:05	10.65
08/10/2024 02:10	11.591
08/10/2024 02:15	11.048
08/10/2024 02:20	10.0295
08/10/2024 02:25	10.626
08/10/2024 02:30	9.7735
08/10/2024 02:35	9.5873
08/10/2024 02:40	9.0177
08/10/2024 02:45	10.5434
08/10/2024 02:50	10.7285
08/10/2024 02:55	10.5924
08/10/2024 03:00	10.5695
08/10/2024 03:05	10.113
08/10/2024 03:10	9.793
08/10/2024 03:15	10.2752
08/10/2024 03:20	10.2775
08/10/2024 03:25	9.9573
08/10/2024 03:30	10.5287
08/10/2024 03:35	11.3122
08/10/2024 03:40	10.3233
08/10/2024 03:45	10.5564
08/10/2024 03:50	10.8041
08/10/2024 03:55	9.9625
08/10/2024 04:00	8.9179
08/10/2024 04:05	10.8958
08/10/2024 04:10	9.3711
08/10/2024 04:15	10.4832
08/10/2024 04:20	10.9762
08/10/2024 04:25	10.5584
08/10/2024 04:30	10.1522
08/10/2024 04:35	10.5964
08/10/2024 04:40	10.303
08/10/2024 04:45	9.9397
08/10/2024 04:50	10.1194
08/10/2024 04:55	10.9312
08/10/2024 05:00	10.8073
08/10/2024 05:05	10.2581
08/10/2024 05:10	10.7348
08/10/2024 05:15	10.9621
08/10/2024 05:20	10.9238
08/10/2024 05:25	10.2826
08/10/2024 05:30	10.9905
08/10/2024 05:35	10.6274
08/10/2024 05:40	12.2016
08/10/2024 05:45	11.6009
08/10/2024 05:50	11.2226
08/10/2024 05:55	11.1649
08/10/2024 06:00	11.8738
08/10/2024 06:05	16.793
08/10/2024 06:10	13.6915
08/10/2024 06:15	14.1387
08/10/2024 06:20	14.2068
08/10/2024 06:25	13.8665
08/10/2024 06:30	12.4139
08/10/2024 06:35	12.7866
08/10/2024 06:40	12.79
08/10/2024 06:45	15.3738
08/10/2024 06:50	17.9026
08/10/2024 06:55	17.1801
08/10/2024 07:00	15.7621
08/10/2024 07:05	17.6428
08/10/2024 07:10	17.0955
08/10/2024 07:15	21.6177
08/10/2024 07:20	24.8489
08/10/2024 07:25	23.2803
08/10/2024 07:30	24.6369
08/10/2024 07:35	23.5744
08/10/2024 07:40	21.4487
08/10/2024 07:45	22.518
08/10/2024 07:50	23.2216
08/10/2024 07:55	23.0682
08/10/2024 08:00	25.0664
08/10/2024 08:05	23.5891
08/10/2024 08:10	24.4239
08/10/2024 08:15	26.1882
08/10/2024 08:20	26.928
08/10/2024 08:25	27.0409
08/10/2024 08:30	28.7877
08/10/2024 08:35	29.8137
08/10/2024 08:40	33.5628
08/10/2024 08:45	32.8146
08/10/2024 08:50	35.195
08/10/2024 08:55	31.1852
08/10/2024 09:00	31.6162
08/10/2024 09:05	31.8204
08/10/2024 09:10	31.5898
08/10/2024 09:15	30.974
08/10/2024 09:20	28.478
08/10/2024 09:25	28.6339
08/10/2024 09:30	30.5451
08/10/2024 09:35	30.4603
08/10/2024 09:40	29.966
08/10/2024 09:45	29.2137
08/10/2024 09:50	28.927
08/10/2024 09:55	30.3009
08/10/2024 10:00	31.7272
08/10/2024 10:05	30.0971
08/10/2024 10:10	33.2973
08/10/2024 10:15	31.7754
08/10/2024 10:20	33.988
08/10/2024 10:25	31.897
08/10/2024 10:30	32.2178
08/10/2024 10:35	34.4586
08/10/2024 10:40	32.605
08/10/2024 10:45	31.4813
08/10/2024 10:50	32.0134
08/10/2024 10:55	34.314
08/10/2024 11:00	31.3834
08/10/2024 11:05	32.8259
08/10/2024 11:10	30.8142
08/10/2024 11:15	31.8819
08/10/2024 11:20	31.166
08/10/2024 11:25	31.4608
08/10/2024 11:30	32.0062
08/10/2024 11:35	31.2417
08/10/2024 11:40	31.3633
08/10/2024 11:45	31.3542
08/10/2024 11:50	33.3252
08/10/2024 11:55	34.6243
08/10/2024 12:00	33.6769
08/10/2024 12:05	35.3089
08/10/2024 12:10	31.2966
08/10/2024 12:15	34.9249
08/10/2024 12:20	35.0871
08/10/2024 12:25	36.094
08/10/2024 12:30	34.2049
08/10/2024 12:35	36.1603
08/10/2024 12:40	36.4073
08/10/2024 12:45	36.3287
08/10/2024 12:50	33.8812
08/10/2024 12:55	34.6128
08/10/2024 13:00	33.3194
08/10/2024 13:05	33.5023
08/10/2024 13:10	33.4738
08/10/2024 13:15	34.346
08/10/2024 13:20	33.0962
08/10/2024 13:25	32.3363
08/10/2024 13:30	31.8966
08/10/2024 13:35	31.8727
08/10/2024 13:40	32.806
08/10/2024 13:45	32.4998
08/10/2024 13:50	33.7759
08/10/2024 13:55	35.6207
08/10/2024 14:00	34.9693
08/10/2024 14:05	34.0258
08/10/2024 14:10	33.8164
08/10/2024 14:15	32.8889
08/10/2024 14:20	32.5192
08/10/2024 14:25	34.3006
08/10/2024 14:30	36.2695
08/10/2024 14:35	37.3831
08/10/2024 14:40	39.6794
08/10/2024 14:45	39.7828
08/10/2024 14:50	37.0349
08/10/2024 14:55	36.6676
08/10/2024 15:00	35.7701
08/10/2024 15:05	34.8697
08/10/2024 15:10	35.9005
08/10/2024 15:15	37.5438
08/10/2024 15:20	34.1542
08/10/2024 15:25	35.0534
08/10/2024 15:30	35.4417
08/10/2024 15:35	35.2296
08/10/2024 15:40	35.6997
08/10/2024 15:45	35.3003
08/10/2024 15:50	35.8128
08/10/2024 15:55	32.7001
08/10/2024 16:00	33.2317
08/10/2024 16:05	31.7913
08/10/2024 16:10	33.2186
08/10/2024 16:15	32.0322
08/10/2024 16:20	31.2971
08/10/2024 16:25	29.8204
08/10/2024 16:30	27.5888
08/10/2024 16:35	31.4187
08/10/2024 16:40	26.8952
08/10/2024 16:45	28.2566
08/10/2024 16:50	26.7533
08/10/2024 16:55	29.2272
08/10/2024 17:00	27.9552
08/10/2024 17:05	26.7771
08/10/2024 17:10	27.0557
08/10/2024 17:15	25.5587
08/10/2024 17:20	27.4569
08/10/2024 17:25	25.2477
08/10/2024 17:30	25.5542
08/10/2024 17:35	24.8711
08/10/2024 17:40	24.8575
08/10/2024 17:45	26.9463
08/10/2024 17:50	23.6331
08/10/2024 17:55	25.3026
08/10/2024 18:00	23.6698
08/10/2024 18:05	23.5517
08/10/2024 18:10	20.8179
08/10/2024 18:15	18.2581
08/10/2024 18:20	18.9105
08/10/2024 18:25	19.2187
08/10/2024 18:30	20.1809
08/10/2024 18:35	18.4256
08/10/2024 18:40	16.7077
08/10/2024 18:45	16.4464
08/10/2024 18:50	15.2714
08/10/2024 18:55	14.781
08/10/2024 19:00	14.3125
08/10/2024 19:05	14.8442
08/10/2024 19:10	15.1036
08/10/2024 19:15	14.7948
08/10/2024 19:20	15.0015
08/10/2024 19:25	19.1484
08/10/2024 19:30	16.5361
08/10/2024 19:35	16.5179
08/10/2024 19:40	17.7081
08/10/2024 19:45	17.1718
08/10/2024 19:50	18.2111
08/10/2024 19:55	17.6315
08/10/2024 20:00	16.8821
08/10/2024 20:05	15.4683
08/10/2024 20:10	18.2267
08/10/2024 20:15	17.5174
08/10/2024 20:20	17.3835
08/10/2024 20:25	16.6351
08/10/2024 20:30	15.8855
08/10/2024 20:35	16.1711
08/10/2024 20:40	15.5787
08/10/2024 20:45	17.3878
08/10/2024 20:50	15.8645
08/10/2024 20:55	15.3331
08/10/2024 21:00	14.3403
08/10/2024 21:05	15.6386
08/10/2024 21:10	14.6976
08/10/2024 21:15	13.5257
08/10/2024 21:20	14.415
08/10/2024 21:25	12.3255
08/10/2024 21:30	12.5003
08/10/2024 21:35	12.421
08/10/2024 21:40	11.5072
08/10/2024 21:45	12.3147
08/10/2024 21:50	12.4713
08/10/2024 21:55	12.41
08/10/2024 22:00	12.3895
08/10/2024 22:05	11.7022
08/10/2024 22:10	10.7491
08/10/2024 22:15	13.1977
08/10/2024 22:20	11.5733
08/10/2024 22:25	11.661
08/10/2024 22:30	11.3288
08/10/2024 22:35	12.0406
08/10/2024 22:40	10.3288
08/10/2024 22:45	9.8943
08/10/2024 22:50	10.1028
08/10/2024 22:55	9.0764
08/10/2024 23:00	9.7516
08/10/2024 23:05	8.9528
08/10/2024 23:10	9.6637
08/10/2024 23:15	9.39
08/10/2024 23:20	9.9926
08/10/2024 23:25	8.7859
08/10/2024 23:30	8.9611
08/10/2024 23:35	9.0394
08/10/2024 23:40	8.1769
08/10/2024 23:45	8.8976
08/10/2024 23:50	8.8645
08/10/2024 23:55	9.1478
09/10/2024 00:00	9.6952
09/10/2024 00:05	9.7747
09/10/2024 00:10	9.3129
09/10/2024 00:15	8.8159
09/10/2024 00:20	9.533
09/10/2024 00:25	9.105
09/10/2024 00:30	8.9695
09/10/2024 00:35	9.7143
09/10/2024 00:40	9.1982
09/10/2024 00:45	10.5284
09/10/2024 00:50	9.1501
09/10/2024 00:55	9.1795
09/10/2024 01:00	9.3917
09/10/2024 01:05	8.8939
09/10/2024 01:10	9.5742
09/10/2024 01:15	8.5779
09/10/2024 01:20	7.7359
09/10/2024 01:25	9.4356
09/10/2024 01:30	8.7214
09/10/2024 01:35	9.7004
09/10/2024 01:40	8.725
09/10/2024 01:45	8.9991
09/10/2024 01:50	8.9619
09/10/2024 01:55	8.423
09/10/2024 02:00	9.0437
09/10/2024 02:05	8.9038
09/10/2024 02:10	9.1927
09/10/2024 02:15	10.2184
09/10/2024 02:20	8.6174
09/10/2024 02:25	9.4648
09/10/2024 02:30	9.9446
09/10/2024 02:35	10.3415
09/10/2024 02:40	9.7755
09/10/2024 02:45	9.3805
09/10/2024 02:50	9.1638
09/10/2024 02:55	9.3419
