Category	Client Load EM Apparent Power
01/10/2024 03:00	11.0449
01/10/2024 03:05	10.9608
01/10/2024 03:10	10.3199
01/10/2024 03:15	11.6145
01/10/2024 03:20	10.9323
01/10/2024 03:25	10.8259
01/10/2024 03:30	9.8402
01/10/2024 03:35	9.8218
01/10/2024 03:40	10.5991
01/10/2024 03:45	9.079
01/10/2024 03:50	10.1124
01/10/2024 03:55	9.2973
01/10/2024 04:00	10.859
01/10/2024 04:05	10.9075
01/10/2024 04:10	10.1266
01/10/2024 04:15	10.9984
01/10/2024 04:20	10.1081
01/10/2024 04:25	10.7761
01/10/2024 04:30	10.2723
01/10/2024 04:35	10.3671
01/10/2024 04:40	11.3369
01/10/2024 04:45	9.9316
01/10/2024 04:50	11.16
01/10/2024 04:55	10.4649
01/10/2024 05:00	10.7081
01/10/2024 05:05	11.4254
01/10/2024 05:10	11.2642
01/10/2024 05:15	11.6739
01/10/2024 05:20	11.653
01/10/2024 05:25	10.7826
01/10/2024 05:30	12.5168
01/10/2024 05:35	12.3863
01/10/2024 05:40	13.3175
01/10/2024 05:45	12.0141
01/10/2024 05:50	12.8389
01/10/2024 05:55	12.6811
01/10/2024 06:00	12.7476
01/10/2024 06:05	15.1445
01/10/2024 06:10	14.2001
01/10/2024 06:15	15.215
01/10/2024 06:20	15.7619
01/10/2024 06:25	14.8701
01/10/2024 06:30	15.7226
01/10/2024 06:35	15.5483
01/10/2024 06:40	18.2256
01/10/2024 06:45	18.2677
01/10/2024 06:50	15.3564
01/10/2024 06:55	16.7137
01/10/2024 07:00	16.6997
01/10/2024 07:05	24.7551
01/10/2024 07:10	23.4802
01/10/2024 07:15	26.1065
01/10/2024 07:20	28.0838
01/10/2024 07:25	28.3515
01/10/2024 07:30	27.1407
01/10/2024 07:35	26.402
01/10/2024 07:40	26.8853
01/10/2024 07:45	26.3453
01/10/2024 07:50	24.8752
01/10/2024 07:55	27.0995
01/10/2024 08:00	29.6221
01/10/2024 08:05	31.7277
01/10/2024 08:10	30.4148
01/10/2024 08:15	29.1384
01/10/2024 08:20	30.963
01/10/2024 08:25	32.9628
01/10/2024 08:30	39.0701
01/10/2024 08:35	34.9523
01/10/2024 08:40	35.099
01/10/2024 08:45	32.5531
01/10/2024 08:50	32.0611
01/10/2024 08:55	30.5578
01/10/2024 09:00	32.7783
01/10/2024 09:05	34.2073
01/10/2024 09:10	35.0491
01/10/2024 09:15	33.4371
01/10/2024 09:20	33.1553
01/10/2024 09:25	31.6435
01/10/2024 09:30	35.4948
01/10/2024 09:35	32.3018
01/10/2024 09:40	34.4524
01/10/2024 09:45	34.9409
01/10/2024 09:50	34.4699
01/10/2024 09:55	35.2975
01/10/2024 10:00	34.4595
01/10/2024 10:05	32.1003
01/10/2024 10:10	33.1121
01/10/2024 10:15	32.8202
01/10/2024 10:20	40.1364
01/10/2024 10:25	40.2132
01/10/2024 10:30	38.5516
01/10/2024 10:35	39.7036
01/10/2024 10:40	40.3145
01/10/2024 10:45	39.6921
01/10/2024 10:50	38.4305
01/10/2024 10:55	40.714
01/10/2024 11:00	38.4652
01/10/2024 11:05	38.7396
01/10/2024 11:10	39.5588
01/10/2024 11:15	40.2524
01/10/2024 11:20	38.0807
01/10/2024 11:25	41.2588
01/10/2024 11:30	37.7295
01/10/2024 11:35	38.3541
01/10/2024 11:40	38.037
01/10/2024 11:45	36.814
01/10/2024 11:50	36.909
01/10/2024 11:55	33.804
01/10/2024 12:00	34.7426
01/10/2024 12:05	35.127
01/10/2024 12:10	36.6781
01/10/2024 12:15	38.7055
01/10/2024 12:20	38.3526
01/10/2024 12:25	37.4431
01/10/2024 12:30	35.7819
01/10/2024 12:35	39.4573
01/10/2024 12:40	36.3575
01/10/2024 12:45	37.4062
01/10/2024 12:50	33.1301
01/10/2024 12:55	34.8813
01/10/2024 13:00	34.0001
01/10/2024 13:05	32.3379
01/10/2024 13:10	30.4009
01/10/2024 13:15	29.279
01/10/2024 13:20	27.0333
01/10/2024 13:25	27.6876
01/10/2024 13:30	26.152
01/10/2024 13:35	25.3044
01/10/2024 13:40	27.7974
01/10/2024 13:45	29.1852
01/10/2024 13:50	28.6635
01/10/2024 13:55	29.3265
01/10/2024 14:00	28.6463
01/10/2024 14:05	32.1045
01/10/2024 14:10	27.2302
01/10/2024 14:15	27.1513
01/10/2024 14:20	33.5045
01/10/2024 14:25	33.0012
01/10/2024 14:30	35.4744
01/10/2024 14:35	35.2767
01/10/2024 14:40	35.0781
01/10/2024 14:45	37.6969
01/10/2024 14:50	33.8041
01/10/2024 14:55	31.7469
01/10/2024 15:00	35.7262
01/10/2024 15:05	34.2364
01/10/2024 15:10	34.2348
01/10/2024 15:15	35.8429
01/10/2024 15:20	34.7333
01/10/2024 15:25	34.052
01/10/2024 15:30	33.507
01/10/2024 15:35	30.1374
01/10/2024 15:40	31.6568
01/10/2024 15:45	32.3616
01/10/2024 15:50	31.7806
01/10/2024 15:55	31.1798
01/10/2024 16:00	33.9603
01/10/2024 16:05	29.4035
01/10/2024 16:10	30.1246
01/10/2024 16:15	31.8216
01/10/2024 16:20	31.0472
01/10/2024 16:25	32.1187
01/10/2024 16:30	33.8535
01/10/2024 16:35	34.4049
01/10/2024 16:40	32.6536
01/10/2024 16:45	33.1992
01/10/2024 16:50	30.9435
01/10/2024 16:55	32.0659
01/10/2024 17:00	31.317
01/10/2024 17:05	32.5105
01/10/2024 17:10	30.6375
01/10/2024 17:15	29.7896
01/10/2024 17:20	30.1332
01/10/2024 17:25	29.5895
01/10/2024 17:30	28.2967
01/10/2024 17:35	28.4082
01/10/2024 17:40	28.8362
01/10/2024 17:45	28.849
01/10/2024 17:50	27.1119
01/10/2024 17:55	27.7686
01/10/2024 18:00	27.5181
01/10/2024 18:05	26.9483
01/10/2024 18:10	24.7729
01/10/2024 18:15	24.0628
01/10/2024 18:20	25.15
01/10/2024 18:25	23.3387
01/10/2024 18:30	23.4407
01/10/2024 18:35	21.5289
01/10/2024 18:40	19.9405
01/10/2024 18:45	19.7777
01/10/2024 18:50	18.9307
01/10/2024 18:55	18.673
01/10/2024 19:00	17.8575
01/10/2024 19:05	18.3854
01/10/2024 19:10	18.433
01/10/2024 19:15	18.2691
01/10/2024 19:20	21.3635
01/10/2024 19:25	19.1976
01/10/2024 19:30	18.8427
01/10/2024 19:35	18.4169
01/10/2024 19:40	17.7726
01/10/2024 19:45	17.6662
01/10/2024 19:50	19.4691
01/10/2024 19:55	19.3305
01/10/2024 20:00	18.5126
01/10/2024 20:05	17.9279
01/10/2024 20:10	19.5786
01/10/2024 20:15	20.1106
01/10/2024 20:20	20.0205
01/10/2024 20:25	18.8329
01/10/2024 20:30	18.0617
01/10/2024 20:35	19.025
01/10/2024 20:40	19.9445
01/10/2024 20:45	17.3782
01/10/2024 20:50	17.1828
01/10/2024 20:55	16.3483
01/10/2024 21:00	18.473
01/10/2024 21:05	16.4603
01/10/2024 21:10	17.9258
01/10/2024 21:15	13.8557
01/10/2024 21:20	13.1118
01/10/2024 21:25	13.4932
01/10/2024 21:30	13.1094
01/10/2024 21:35	12.9864
01/10/2024 21:40	12.8379
01/10/2024 21:45	12.6019
01/10/2024 21:50	11.99
01/10/2024 21:55	12.1165
01/10/2024 22:00	12.321
01/10/2024 22:05	10.9688
01/10/2024 22:10	8.7657
01/10/2024 22:15	12.333
01/10/2024 22:20	13.2179
01/10/2024 22:25	13.2333
01/10/2024 22:30	13.2947
01/10/2024 22:35	11.8034
01/10/2024 22:40	12.1925
01/10/2024 22:45	12.7718
01/10/2024 22:50	12.3093
01/10/2024 22:55	12.3675
01/10/2024 23:00	12.3781
01/10/2024 23:05	12.341
01/10/2024 23:10	12.7536
01/10/2024 23:15	12.4541
01/10/2024 23:20	12.6418
01/10/2024 23:25	11.6657
01/10/2024 23:30	11.1099
01/10/2024 23:35	11.151
01/10/2024 23:40	10.7016
01/10/2024 23:45	11.3585
01/10/2024 23:50	11.3327
01/10/2024 23:55	12.5677
02/10/2024 00:00	11.0667
02/10/2024 00:05	9.8312
02/10/2024 00:10	10.7104
02/10/2024 00:15	10.1528
02/10/2024 00:20	10.944
02/10/2024 00:25	11.227
02/10/2024 00:30	11.1177
02/10/2024 00:35	11.0503
02/10/2024 00:40	10.9611
02/10/2024 00:45	10.3526
02/10/2024 00:50	10.6076
02/10/2024 00:55	10.9281
02/10/2024 01:00	10.1576
02/10/2024 01:05	10.6442
02/10/2024 01:10	10.3106
02/10/2024 01:15	11.4858
02/10/2024 01:20	11.2358
02/10/2024 01:25	10.5665
02/10/2024 01:30	11.118
02/10/2024 01:35	11.1612
02/10/2024 01:40	10.4217
02/10/2024 01:45	9.295
02/10/2024 01:50	10.0297
02/10/2024 01:55	10.0118
02/10/2024 02:00	10.9248
02/10/2024 02:05	11.0259
02/10/2024 02:10	10.7436
02/10/2024 02:15	10.5453
02/10/2024 02:20	10.1918
02/10/2024 02:25	10.8331
02/10/2024 02:30	10.7299
02/10/2024 02:35	9.8819
02/10/2024 02:40	10.7043
02/10/2024 02:45	11.5071
02/10/2024 02:50	10.8677
02/10/2024 02:55	10.6174
02/10/2024 03:00	9.9209
02/10/2024 03:05	10.6849
02/10/2024 03:10	10.7693
02/10/2024 03:15	10.3257
02/10/2024 03:20	10.9123
02/10/2024 03:25	9.6967
02/10/2024 03:30	10.6162
02/10/2024 03:35	10.6158
02/10/2024 03:40	10.5061
02/10/2024 03:45	10.8159
02/10/2024 03:50	10.9317
02/10/2024 03:55	11.1664
02/10/2024 04:00	10.5105
02/10/2024 04:05	10.8729
02/10/2024 04:10	11.2834
02/10/2024 04:15	10.958
02/10/2024 04:20	10.7274
02/10/2024 04:25	9.9653
02/10/2024 04:30	10.7519
02/10/2024 04:35	11.1724
02/10/2024 04:40	10.3227
02/10/2024 04:45	11.3951
02/10/2024 04:50	11.2379
02/10/2024 04:55	11.0103
02/10/2024 05:00	11.6353
02/10/2024 05:05	10.766
02/10/2024 05:10	11.0111
02/10/2024 05:15	10.6207
02/10/2024 05:20	11.2677
02/10/2024 05:25	11.7425
02/10/2024 05:30	12.5749
02/10/2024 05:35	12.8716
02/10/2024 05:40	12.8242
02/10/2024 05:45	12.5367
02/10/2024 05:50	12.1049
02/10/2024 05:55	12.1381
02/10/2024 06:00	13.4611
02/10/2024 06:05	13.9486
02/10/2024 06:10	13.4253
02/10/2024 06:15	13.9572
02/10/2024 06:20	14.2493
02/10/2024 06:25	15.1252
02/10/2024 06:30	15.6002
02/10/2024 06:35	15.2044
02/10/2024 06:40	16.4219
02/10/2024 06:45	15.8056
02/10/2024 06:50	16.0114
02/10/2024 06:55	14.8442
02/10/2024 07:00	17.1184
02/10/2024 07:05	17.1601
02/10/2024 07:10	21.6897
02/10/2024 07:15	27.0172
02/10/2024 07:20	23.7571
02/10/2024 07:25	23.7986
02/10/2024 07:30	24.5751
02/10/2024 07:35	23.4245
02/10/2024 07:40	23.9136
02/10/2024 07:45	26.4636
02/10/2024 07:50	25.7589
02/10/2024 07:55	26.0869
02/10/2024 08:00	25.7865
02/10/2024 08:05	26.6481
02/10/2024 08:10	29.7087
02/10/2024 08:15	29.79
02/10/2024 08:20	31.8596
02/10/2024 08:25	35.3388
02/10/2024 08:30	36.3554
02/10/2024 08:35	33.211
02/10/2024 08:40	30.4572
02/10/2024 08:45	29.1785
02/10/2024 08:50	29.7679
02/10/2024 08:55	29.1556
02/10/2024 09:00	31.4964
02/10/2024 09:05	35.2688
02/10/2024 09:10	35.333
02/10/2024 09:15	34.6027
02/10/2024 09:20	34.151
02/10/2024 09:25	34.3972
02/10/2024 09:30	35.9171
02/10/2024 09:35	35.4081
02/10/2024 09:40	32.8458
02/10/2024 09:45	34.2691
02/10/2024 09:50	33.7345
02/10/2024 09:55	34.7219
02/10/2024 10:00	35.5753
02/10/2024 10:05	33.3239
02/10/2024 10:10	34.4967
02/10/2024 10:15	34.8717
02/10/2024 10:20	33.693
02/10/2024 10:25	36.1716
02/10/2024 10:30	36.8053
02/10/2024 10:35	38.6907
02/10/2024 10:40	37.3499
02/10/2024 10:45	38.4467
02/10/2024 10:50	36.8266
02/10/2024 10:55	40.0641
02/10/2024 11:00	36.6224
02/10/2024 11:05	40.8657
02/10/2024 11:10	38.459
02/10/2024 11:15	36.1838
02/10/2024 11:20	39.0511
02/10/2024 11:25	39.9908
02/10/2024 11:30	38.6744
02/10/2024 11:35	37.0539
02/10/2024 11:40	39.0894
02/10/2024 11:45	36.2667
02/10/2024 11:50	34.1751
02/10/2024 11:55	36.0943
02/10/2024 12:00	35.4047
02/10/2024 12:05	35.6914
02/10/2024 12:10	34.7203
02/10/2024 12:15	35.9153
02/10/2024 12:20	35.0814
02/10/2024 12:25	36.7223
02/10/2024 12:30	36.3814
02/10/2024 12:35	34.4216
02/10/2024 12:40	35.9823
02/10/2024 12:45	36.1833
02/10/2024 12:50	35.5387
02/10/2024 12:55	36.9107
02/10/2024 13:00	36.8701
02/10/2024 13:05	34.3536
02/10/2024 13:10	34.5155
02/10/2024 13:15	34.2782
02/10/2024 13:20	35.5405
02/10/2024 13:25	35.4782
02/10/2024 13:30	34.3487
02/10/2024 13:35	35.119
02/10/2024 13:40	33.309
02/10/2024 13:45	34.9712
02/10/2024 13:50	35.7762
02/10/2024 13:55	35.2471
02/10/2024 14:00	36.2083
02/10/2024 14:05	34.3617
02/10/2024 14:10	34.7154
02/10/2024 14:15	33.5482
02/10/2024 14:20	39.1278
02/10/2024 14:25	38.6092
02/10/2024 14:30	36.3469
02/10/2024 14:35	40.6907
02/10/2024 14:40	41.7047
02/10/2024 14:45	40.8496
02/10/2024 14:50	39.6576
02/10/2024 14:55	38.5918
02/10/2024 15:00	38.4868
02/10/2024 15:05	40.8524
02/10/2024 15:10	42.6432
02/10/2024 15:15	41.0618
02/10/2024 15:20	43.1491
02/10/2024 15:25	42.1812
02/10/2024 15:30	40.8008
02/10/2024 15:35	39.8357
02/10/2024 15:40	38.5758
02/10/2024 15:45	36.2437
02/10/2024 15:50	39.1244
02/10/2024 15:55	37.943
02/10/2024 16:00	37.8321
02/10/2024 16:05	40.2129
02/10/2024 16:10	38.3837
02/10/2024 16:15	39.3678
02/10/2024 16:20	38.7139
02/10/2024 16:25	38.8272
02/10/2024 16:30	36.7056
02/10/2024 16:35	38.2274
02/10/2024 16:40	37.4234
02/10/2024 16:45	36.8779
02/10/2024 16:50	37.2487
02/10/2024 16:55	36.518
02/10/2024 17:00	34.662
02/10/2024 17:05	36.6394
02/10/2024 17:10	33.2237
02/10/2024 17:15	32.0281
02/10/2024 17:20	34.6185
02/10/2024 17:25	32.9279
02/10/2024 17:30	32.8931
02/10/2024 17:35	29.8215
02/10/2024 17:40	31.4598
02/10/2024 17:45	30.4838
02/10/2024 17:50	29.033
02/10/2024 17:55	28.7617
02/10/2024 18:00	25.4056
02/10/2024 18:05	25.4475
02/10/2024 18:10	24.9782
02/10/2024 18:15	23.2369
02/10/2024 18:20	23.5767
02/10/2024 18:25	23.5987
02/10/2024 18:30	24.1902
02/10/2024 18:35	26.4025
02/10/2024 18:40	25.2578
02/10/2024 18:45	23.9542
02/10/2024 18:50	22.1685
02/10/2024 18:55	21.1356
02/10/2024 19:00	19.5919
02/10/2024 19:05	19.4248
02/10/2024 19:10	19.5719
02/10/2024 19:15	21.2972
02/10/2024 19:20	21.3962
02/10/2024 19:25	19.2179
02/10/2024 19:30	18.5217
02/10/2024 19:35	18.4431
02/10/2024 19:40	18.7117
02/10/2024 19:45	19.2734
02/10/2024 19:50	21.8708
02/10/2024 19:55	19.5487
02/10/2024 20:00	18.7263
02/10/2024 20:05	18.9028
02/10/2024 20:10	18.4726
02/10/2024 20:15	20.8376
02/10/2024 20:20	19.1407
02/10/2024 20:25	17.5285
02/10/2024 20:30	17.8557
02/10/2024 20:35	20.3389
02/10/2024 20:40	19.0872
02/10/2024 20:45	18.6626
02/10/2024 20:50	18.9611
02/10/2024 20:55	19.428
02/10/2024 21:00	19.7763
02/10/2024 21:05	17.0888
02/10/2024 21:10	16.1738
02/10/2024 21:15	16.3588
02/10/2024 21:20	15.8327
02/10/2024 21:25	16.3321
02/10/2024 21:30	16.4564
02/10/2024 21:35	16.0188
02/10/2024 21:40	15.2986
02/10/2024 21:45	15.5244
02/10/2024 21:50	15.8858
02/10/2024 21:55	14.3174
02/10/2024 22:00	14.3246
02/10/2024 22:05	13.2443
02/10/2024 22:10	10.4955
02/10/2024 22:15	14.3537
02/10/2024 22:20	15.5214
02/10/2024 22:25	15.7959
02/10/2024 22:30	14.1904
02/10/2024 22:35	14.2404
02/10/2024 22:40	14.8256
02/10/2024 22:45	13.9219
02/10/2024 22:50	13.33
02/10/2024 22:55	14.175
02/10/2024 23:00	14.8664
02/10/2024 23:05	13.5581
02/10/2024 23:10	14.659
02/10/2024 23:15	14.9364
02/10/2024 23:20	13.474
02/10/2024 23:25	13.8162
02/10/2024 23:30	13.6996
02/10/2024 23:35	13.4806
02/10/2024 23:40	13.7054
02/10/2024 23:45	13.6152
02/10/2024 23:50	13.287
02/10/2024 23:55	14.0482
03/10/2024 00:00	14.0592
03/10/2024 00:05	12.9312
03/10/2024 00:10	13.833
03/10/2024 00:15	14.1854
03/10/2024 00:20	12.5686
03/10/2024 00:25	13.2716
03/10/2024 00:30	14.1443
03/10/2024 00:35	12.8989
03/10/2024 00:40	14.4865
03/10/2024 00:45	14.7898
03/10/2024 00:50	14.7815
03/10/2024 00:55	14.0184
03/10/2024 01:00	14.2162
03/10/2024 01:05	14.0129
03/10/2024 01:10	12.8537
03/10/2024 01:15	13.1221
03/10/2024 01:20	13.7693
03/10/2024 01:25	13.1505
03/10/2024 01:30	13.4756
03/10/2024 01:35	14.3131
03/10/2024 01:40	14.2654
03/10/2024 01:45	13.3632
03/10/2024 01:50	13.2418
03/10/2024 01:55	12.5239
03/10/2024 02:00	12.8594
03/10/2024 02:05	13.2274
03/10/2024 02:10	12.9584
03/10/2024 02:15	12.34
03/10/2024 02:20	12.6255
03/10/2024 02:25	10.9077
03/10/2024 02:30	13.7504
03/10/2024 02:35	13.2858
03/10/2024 02:40	12.3929
03/10/2024 02:45	13.473
03/10/2024 02:50	13.4709
03/10/2024 02:55	12.4558
03/10/2024 03:00	13.0669
03/10/2024 03:05	12.2647
03/10/2024 03:10	12.957
03/10/2024 03:15	12.7853
03/10/2024 03:20	13.0798
03/10/2024 03:25	13.8244
03/10/2024 03:30	13.3004
03/10/2024 03:35	12.3647
03/10/2024 03:40	13.0573
03/10/2024 03:45	12.9497
03/10/2024 03:50	12.4964
03/10/2024 03:55	13.2141
03/10/2024 04:00	11.8407
03/10/2024 04:05	12.9678
03/10/2024 04:10	11.7535
03/10/2024 04:15	13.0183
03/10/2024 04:20	13.5376
03/10/2024 04:25	12.9825
03/10/2024 04:30	13.2729
03/10/2024 04:35	13.2973
03/10/2024 04:40	13.2967
03/10/2024 04:45	12.6772
03/10/2024 04:50	12.0834
03/10/2024 04:55	12.6379
03/10/2024 05:00	12.8407
03/10/2024 05:05	14.3405
03/10/2024 05:10	14.4787
03/10/2024 05:15	13.9708
03/10/2024 05:20	13.9424
03/10/2024 05:25	13.1057
03/10/2024 05:30	14.422
03/10/2024 05:35	13.3742
03/10/2024 05:40	13.0598
03/10/2024 05:45	13.918
03/10/2024 05:50	14.0732
03/10/2024 05:55	15.1218
03/10/2024 06:00	14.5896
03/10/2024 06:05	14.4333
03/10/2024 06:10	15.1291
03/10/2024 06:15	14.7636
03/10/2024 06:20	16.0004
03/10/2024 06:25	15.2166
03/10/2024 06:30	15.8548
03/10/2024 06:35	15.7664
03/10/2024 06:40	16.4305
03/10/2024 06:45	16.9921
03/10/2024 06:50	15.9931
03/10/2024 06:55	15.7519
03/10/2024 07:00	22.6946
03/10/2024 07:05	25.2763
03/10/2024 07:10	24.8943
03/10/2024 07:15	25.4466
03/10/2024 07:20	20.9533
03/10/2024 07:25	24.9983
03/10/2024 07:30	25.7147
03/10/2024 07:35	24.9736
03/10/2024 07:40	24.8271
03/10/2024 07:45	24.5814
03/10/2024 07:50	24.5626
03/10/2024 07:55	25.2608
03/10/2024 08:00	27.7663
03/10/2024 08:05	28.1287
03/10/2024 08:10	29.0958
03/10/2024 08:15	28.379
03/10/2024 08:20	27.1684
03/10/2024 08:25	30.6013
03/10/2024 08:30	29.8271
03/10/2024 08:35	30.5776
03/10/2024 08:40	28.9355
03/10/2024 08:45	30.8126
03/10/2024 08:50	29.1544
03/10/2024 08:55	30.281
03/10/2024 09:00	30.382
03/10/2024 09:05	35.0323
03/10/2024 09:10	38.5058
03/10/2024 09:15	36.7319
03/10/2024 09:20	33.4574
03/10/2024 09:25	35.1259
03/10/2024 09:30	34.5478
03/10/2024 09:35	35.0137
03/10/2024 09:40	33.6089
03/10/2024 09:45	35.0044
03/10/2024 09:50	33.7801
03/10/2024 09:55	35.5234
03/10/2024 10:00	35.9798
03/10/2024 10:05	35.6234
03/10/2024 10:10	34.4939
03/10/2024 10:15	41.3119
03/10/2024 10:20	38.4148
03/10/2024 10:25	40.9388
03/10/2024 10:30	43.0747
03/10/2024 10:35	40.3585
03/10/2024 10:40	40.1827
03/10/2024 10:45	38.2061
03/10/2024 10:50	40.0672
03/10/2024 10:55	39.9063
03/10/2024 11:00	37.9605
03/10/2024 11:05	37.8614
03/10/2024 11:10	37.2138
03/10/2024 11:15	39.9633
03/10/2024 11:20	39.6068
03/10/2024 11:25	40.2302
03/10/2024 11:30	39.5619
03/10/2024 11:35	40.99
03/10/2024 11:40	39.158
03/10/2024 11:45	39.2741
03/10/2024 11:50	36.8048
03/10/2024 11:55	37.3923
03/10/2024 12:00	36.171
03/10/2024 12:05	36.4699
03/10/2024 12:10	36.3161
03/10/2024 12:15	38.2499
03/10/2024 12:20	39.9063
03/10/2024 12:25	41.7238
03/10/2024 12:30	39.2844
03/10/2024 12:35	38.4639
03/10/2024 12:40	38.415
03/10/2024 12:45	38.2305
03/10/2024 12:50	37.4457
03/10/2024 12:55	37.2863
03/10/2024 13:00	37.837
03/10/2024 13:05	40.873
03/10/2024 13:10	36.9134
03/10/2024 13:15	40.0132
03/10/2024 13:20	38.2445
03/10/2024 13:25	40.4285
03/10/2024 13:30	37.4787
03/10/2024 13:35	40.8267
03/10/2024 13:40	38.6731
03/10/2024 13:45	38.5264
03/10/2024 13:50	38.8757
03/10/2024 13:55	37.1596
03/10/2024 14:00	37.3455
03/10/2024 14:05	35.181
03/10/2024 14:10	35.1087
03/10/2024 14:15	38.8136
03/10/2024 14:20	37.2039
03/10/2024 14:25	41.9563
03/10/2024 14:30	43.8921
03/10/2024 14:35	43.0964
03/10/2024 14:40	41.1043
03/10/2024 14:45	41.9777
03/10/2024 14:50	45.1073
03/10/2024 14:55	41.2064
03/10/2024 15:00	43.1085
03/10/2024 15:05	40.4395
03/10/2024 15:10	41.6893
03/10/2024 15:15	30.5181
03/10/2024 15:20	3.1334
03/10/2024 15:25	13.8701
03/10/2024 15:30	28.0517
03/10/2024 15:35	31.417
03/10/2024 15:40	29.3938
03/10/2024 15:45	29.0368
03/10/2024 15:50	27.4918
03/10/2024 15:55	31.293
03/10/2024 16:00	15.3247
03/10/2024 16:05	29.7888
03/10/2024 16:10	33.0473
03/10/2024 16:15	33.0487
03/10/2024 16:20	34.6789
03/10/2024 16:25	35.0172
03/10/2024 16:30	34.6929
03/10/2024 16:35	34.404
03/10/2024 16:40	32.2428
03/10/2024 16:45	33.3369
03/10/2024 16:50	31.6554
03/10/2024 16:55	33.5471
03/10/2024 17:00	33.0335
03/10/2024 17:05	34.3375
03/10/2024 17:10	33.5822
03/10/2024 17:15	33.21
03/10/2024 17:20	33.174
03/10/2024 17:25	32.8488
03/10/2024 17:30	33.2021
03/10/2024 17:35	32.8686
03/10/2024 17:40	32.9911
03/10/2024 17:45	32.058
03/10/2024 17:50	31.1785
03/10/2024 17:55	31.3047
03/10/2024 18:00	29.3306
03/10/2024 18:05	28.4947
03/10/2024 18:10	30.6838
03/10/2024 18:15	28.3418
03/10/2024 18:20	29.2804
03/10/2024 18:25	30.2212
03/10/2024 18:30	29.6175
03/10/2024 18:35	30.6468
03/10/2024 18:40	30.6907
03/10/2024 18:45	27.7072
03/10/2024 18:50	24.9847
03/10/2024 18:55	25.8002
03/10/2024 19:00	21.9954
03/10/2024 19:05	21.5705
03/10/2024 19:10	22.0859
03/10/2024 19:15	21.6667
03/10/2024 19:20	21.5843
03/10/2024 19:25	25.241
03/10/2024 19:30	28.8582
03/10/2024 19:35	25.9376
03/10/2024 19:40	22.4414
03/10/2024 19:45	21.7364
03/10/2024 19:50	22.3844
03/10/2024 19:55	20.9712
03/10/2024 20:00	19.7193
03/10/2024 20:05	21.2119
03/10/2024 20:10	23.3155
03/10/2024 20:15	20.9091
03/10/2024 20:20	23.2932
03/10/2024 20:25	21.1292
03/10/2024 20:30	20.8973
03/10/2024 20:35	22.6122
03/10/2024 20:40	21.9062
03/10/2024 20:45	20.7846
03/10/2024 20:50	20.7981
03/10/2024 20:55	21.049
03/10/2024 21:00	20.9187
03/10/2024 21:05	23.2333
03/10/2024 21:10	21.435
03/10/2024 21:15	21.3319
03/10/2024 21:20	20.0175
03/10/2024 21:25	18.8035
03/10/2024 21:30	16.6336
03/10/2024 21:35	17.5656
03/10/2024 21:40	17.1599
03/10/2024 21:45	15.8969
03/10/2024 21:50	15.3074
03/10/2024 21:55	15.1384
03/10/2024 22:00	15.4286
03/10/2024 22:05	14.0035
03/10/2024 22:10	11.2163
03/10/2024 22:15	15.9304
03/10/2024 22:20	15.8659
03/10/2024 22:25	15.6116
03/10/2024 22:30	16.4491
03/10/2024 22:35	16.5163
03/10/2024 22:40	15.9251
03/10/2024 22:45	15.3717
03/10/2024 22:50	15.282
03/10/2024 22:55	15.0164
03/10/2024 23:00	15.1899
03/10/2024 23:05	14.7152
03/10/2024 23:10	15.0017
03/10/2024 23:15	14.1685
03/10/2024 23:20	13.8689
03/10/2024 23:25	14.1615
03/10/2024 23:30	14.0632
03/10/2024 23:35	13.9501
03/10/2024 23:40	14.7245
03/10/2024 23:45	15.3762
03/10/2024 23:50	15.2182
03/10/2024 23:55	14.5508
04/10/2024 00:00	14.454
04/10/2024 00:05	14.7326
04/10/2024 00:10	13.8965
04/10/2024 00:15	13.6938
04/10/2024 00:20	13.8677
04/10/2024 00:25	13.3481
04/10/2024 00:30	13.0042
04/10/2024 00:35	12.4418
04/10/2024 00:40	13.228
04/10/2024 00:45	12.6062
04/10/2024 00:50	13.5831
04/10/2024 00:55	14.6629
04/10/2024 01:00	14.2579
04/10/2024 01:05	13.7175
04/10/2024 01:10	12.7504
04/10/2024 01:15	13.4312
04/10/2024 01:20	13.4683
04/10/2024 01:25	13.5653
04/10/2024 01:30	13.9975
04/10/2024 01:35	13.254
04/10/2024 01:40	13.246
04/10/2024 01:45	13.3829
04/10/2024 01:50	13.573
04/10/2024 01:55	13.4523
04/10/2024 02:00	12.7615
04/10/2024 02:05	13.2159
04/10/2024 02:10	13.1181
04/10/2024 02:15	12.7526
04/10/2024 02:20	11.9788
04/10/2024 02:25	13.172
04/10/2024 02:30	13.3323
04/10/2024 02:35	13.5044
04/10/2024 02:40	13.208
04/10/2024 02:45	13.5109
04/10/2024 02:50	13.7206
04/10/2024 02:55	13.2659
04/10/2024 03:00	12.619
04/10/2024 03:05	13.4597
04/10/2024 03:10	13.8573
04/10/2024 03:15	13.6973
04/10/2024 03:20	13.4105
04/10/2024 03:25	13.7904
04/10/2024 03:30	13.304
04/10/2024 03:35	13.1371
04/10/2024 03:40	12.0907
04/10/2024 03:45	12.5307
04/10/2024 03:50	12.2811
04/10/2024 03:55	13.8897
04/10/2024 04:00	13.3949
04/10/2024 04:05	13.5728
04/10/2024 04:10	13.509
04/10/2024 04:15	13.43
04/10/2024 04:20	12.6828
04/10/2024 04:25	13.4176
04/10/2024 04:30	13.6275
04/10/2024 04:35	13.9012
04/10/2024 04:40	13.3224
04/10/2024 04:45	12.5507
04/10/2024 04:50	13.0568
04/10/2024 04:55	13.3208
04/10/2024 05:00	13.8008
04/10/2024 05:05	13.2657
04/10/2024 05:10	14.3159
04/10/2024 05:15	12.977
04/10/2024 05:20	14.2336
04/10/2024 05:25	12.7872
04/10/2024 05:30	14.2912
04/10/2024 05:35	14.9438
04/10/2024 05:40	14.627
04/10/2024 05:45	15.3306
04/10/2024 05:50	16.1187
04/10/2024 05:55	16.1702
04/10/2024 06:00	15.3142
04/10/2024 06:05	14.7519
04/10/2024 06:10	15.9157
04/10/2024 06:15	16.0408
04/10/2024 06:20	14.8552
04/10/2024 06:25	15.8507
04/10/2024 06:30	15.1665
04/10/2024 06:35	16.0311
04/10/2024 06:40	16.1425
04/10/2024 06:45	15.7209
04/10/2024 06:50	17.1936
04/10/2024 06:55	15.2824
04/10/2024 07:00	17.5299
04/10/2024 07:05	15.8817
04/10/2024 07:10	21.005
04/10/2024 07:15	20.7367
04/10/2024 07:20	31.5509
04/10/2024 07:25	30.6699
04/10/2024 07:30	29.9877
04/10/2024 07:35	29.4997
04/10/2024 07:40	31.9207
04/10/2024 07:45	30.1695
04/10/2024 07:50	32.6719
04/10/2024 07:55	31.073
04/10/2024 08:00	29.157
04/10/2024 08:05	32.5715
04/10/2024 08:10	32.4952
04/10/2024 08:15	30.7065
04/10/2024 08:20	32.5245
04/10/2024 08:25	38.146
04/10/2024 08:30	35.3701
04/10/2024 08:35	34.9983
04/10/2024 08:40	35.1655
04/10/2024 08:45	34.0597
04/10/2024 08:50	35.2683
04/10/2024 08:55	35.5022
04/10/2024 09:00	41.3407
04/10/2024 09:05	40.8033
04/10/2024 09:10	39.1449
04/10/2024 09:15	36.5188
04/10/2024 09:20	40.6818
04/10/2024 09:25	37.5648
04/10/2024 09:30	40.7006
04/10/2024 09:35	38.4153
04/10/2024 09:40	35.2173
04/10/2024 09:45	37.8385
04/10/2024 09:50	39.8324
04/10/2024 09:55	38.0699
04/10/2024 10:00	38.3126
04/10/2024 10:05	37.9126
04/10/2024 10:10	39.4899
04/10/2024 10:15	40.8331
04/10/2024 10:20	45.3315
04/10/2024 10:25	45.1955
04/10/2024 10:30	46.3723
04/10/2024 10:35	45.5857
04/10/2024 10:40	40.9529
04/10/2024 10:45	43.8523
04/10/2024 10:50	45.0806
04/10/2024 10:55	43.6216
04/10/2024 11:00	43.8166
04/10/2024 11:05	44.1028
04/10/2024 11:10	44.6843
04/10/2024 11:15	41.5122
04/10/2024 11:20	40.3779
04/10/2024 11:25	38.5881
04/10/2024 11:30	41.6245
04/10/2024 11:35	41.0205
04/10/2024 11:40	42.7047
04/10/2024 11:45	42.2911
04/10/2024 11:50	40.9417
04/10/2024 11:55	42.0318
04/10/2024 12:00	39.5201
04/10/2024 12:05	41.1583
04/10/2024 12:10	40.5561
04/10/2024 12:15	42.4077
04/10/2024 12:20	42.736
04/10/2024 12:25	46.7032
04/10/2024 12:30	43.712
04/10/2024 12:35	44.328
04/10/2024 12:40	41.968
04/10/2024 12:45	40.2964
04/10/2024 12:50	39.8314
04/10/2024 12:55	40.7588
04/10/2024 13:00	38.6418
04/10/2024 13:05	39.3615
04/10/2024 13:10	37.0425
04/10/2024 13:15	37.2547
04/10/2024 13:20	36.8346
04/10/2024 13:25	42.0882
04/10/2024 13:30	37.9271
04/10/2024 13:35	39.9277
04/10/2024 13:40	38.0775
04/10/2024 13:45	38.2975
04/10/2024 13:50	35.9942
04/10/2024 13:55	35.1999
04/10/2024 14:00	35.5543
04/10/2024 14:05	36.2185
04/10/2024 14:10	38.2785
04/10/2024 14:15	36.0225
04/10/2024 14:20	37.465
04/10/2024 14:25	40.7674
04/10/2024 14:30	39.4804
04/10/2024 14:35	37.963
04/10/2024 14:40	40.335
04/10/2024 14:45	41.4556
04/10/2024 14:50	38.9163
04/10/2024 14:55	37.6999
04/10/2024 15:00	37.0567
04/10/2024 15:05	41.3114
04/10/2024 15:10	40.6429
04/10/2024 15:15	35.9845
04/10/2024 15:20	34.1418
04/10/2024 15:25	36.5631
04/10/2024 15:30	36.7138
04/10/2024 15:35	37.6269
04/10/2024 15:40	39.0437
04/10/2024 15:45	37.1948
04/10/2024 15:50	37.9557
04/10/2024 15:55	37.3455
04/10/2024 16:00	35.9051
04/10/2024 16:05	36.9584
04/10/2024 16:10	35.1806
04/10/2024 16:15	35.676
04/10/2024 16:20	38.6296
04/10/2024 16:25	37.7926
04/10/2024 16:30	39.1178
04/10/2024 16:35	38.4523
04/10/2024 16:40	37.8187
04/10/2024 16:45	38.5464
04/10/2024 16:50	40.6492
04/10/2024 16:55	37.0579
04/10/2024 17:00	37.8224
04/10/2024 17:05	38.5547
04/10/2024 17:10	42.5057
04/10/2024 17:15	41.7801
04/10/2024 17:20	40.4763
04/10/2024 17:25	41.045
04/10/2024 17:30	38.4808
04/10/2024 17:35	39.3682
04/10/2024 17:40	37.1417
04/10/2024 17:45	38.3399
04/10/2024 17:50	38.5302
04/10/2024 17:55	39.6935
04/10/2024 18:00	37.2093
04/10/2024 18:05	32.7728
04/10/2024 18:10	30.4484
04/10/2024 18:15	29.9305
04/10/2024 18:20	30.3947
04/10/2024 18:25	30.3261
04/10/2024 18:30	30.8637
04/10/2024 18:35	33.4008
04/10/2024 18:40	30.2696
04/10/2024 18:45	33.129
04/10/2024 18:50	31.5111
04/10/2024 18:55	30.1633
04/10/2024 19:00	28.992
04/10/2024 19:05	29.9224
04/10/2024 19:10	25.6471
04/10/2024 19:15	24.3043
04/10/2024 19:20	25.0018
04/10/2024 19:25	25.5366
04/10/2024 19:30	24.3702
04/10/2024 19:35	23.7762
04/10/2024 19:40	25.7136
04/10/2024 19:45	24.1817
04/10/2024 19:50	21.8817
04/10/2024 19:55	22.0344
04/10/2024 20:00	21.315
04/10/2024 20:05	19.3006
04/10/2024 20:10	21.0167
04/10/2024 20:15	21.667
04/10/2024 20:20	22.0718
04/10/2024 20:25	21.3219
04/10/2024 20:30	21.3454
04/10/2024 20:35	19.2175
04/10/2024 20:40	19.7146
04/10/2024 20:45	20.5651
04/10/2024 20:50	20.2676
04/10/2024 20:55	19.1362
04/10/2024 21:00	20.4671
04/10/2024 21:05	21.2228
04/10/2024 21:10	20.1767
04/10/2024 21:15	21.6207
04/10/2024 21:20	21.5875
04/10/2024 21:25	19.8495
04/10/2024 21:30	20.4288
04/10/2024 21:35	20.4208
04/10/2024 21:40	18.3269
04/10/2024 21:45	16.89
04/10/2024 21:50	18.6142
04/10/2024 21:55	17.4597
04/10/2024 22:00	15.8965
04/10/2024 22:05	14.9025
04/10/2024 22:10	12.4763
04/10/2024 22:15	16.2868
04/10/2024 22:20	17.8369
04/10/2024 22:25	17.1178
04/10/2024 22:30	17.4633
04/10/2024 22:35	16.2336
04/10/2024 22:40	16.5245
04/10/2024 22:45	16.5944
04/10/2024 22:50	17.1764
04/10/2024 22:55	18.0887
04/10/2024 23:00	18.1401
04/10/2024 23:05	16.3868
04/10/2024 23:10	15.8271
04/10/2024 23:15	15.9325
04/10/2024 23:20	16.0724
04/10/2024 23:25	15.6582
04/10/2024 23:30	15.3652
04/10/2024 23:35	16.0415
04/10/2024 23:40	15.7503
04/10/2024 23:45	16.0636
04/10/2024 23:50	15.444
04/10/2024 23:55	15.8521
05/10/2024 00:00	15.233
05/10/2024 00:05	16.0823
05/10/2024 00:10	15.018
05/10/2024 00:15	15.5725
05/10/2024 00:20	15.9144
05/10/2024 00:25	14.8237
05/10/2024 00:30	14.8578
05/10/2024 00:35	14.4312
05/10/2024 00:40	14.9605
05/10/2024 00:45	15.244
05/10/2024 00:50	14.4828
05/10/2024 00:55	15.2362
05/10/2024 01:00	15.6826
05/10/2024 01:05	15.8649
05/10/2024 01:10	15.0821
05/10/2024 01:15	14.6842
05/10/2024 01:20	14.9746
05/10/2024 01:25	15.0271
05/10/2024 01:30	15.2382
05/10/2024 01:35	15.6405
05/10/2024 01:40	15.6598
05/10/2024 01:45	15.2308
05/10/2024 01:50	15.3235
05/10/2024 01:55	13.4563
05/10/2024 02:00	14.3306
05/10/2024 02:05	13.0052
05/10/2024 02:10	15.4615
05/10/2024 02:15	14.6806
05/10/2024 02:20	15.1978
05/10/2024 02:25	15.2048
05/10/2024 02:30	15.7795
05/10/2024 02:35	14.1459
05/10/2024 02:40	14.7302
05/10/2024 02:45	14.4905
05/10/2024 02:50	15.2208
05/10/2024 02:55	15.0726
05/10/2024 03:00	15.3479
05/10/2024 03:05	15.5989
05/10/2024 03:10	15.1246
05/10/2024 03:15	14.6369
05/10/2024 03:20	13.3535
05/10/2024 03:25	14.7519
05/10/2024 03:30	13.1375
05/10/2024 03:35	14.8125
05/10/2024 03:40	14.1961
05/10/2024 03:45	15.0159
05/10/2024 03:50	14.6996
05/10/2024 03:55	15.4206
05/10/2024 04:00	14.2076
05/10/2024 04:05	15.0024
05/10/2024 04:10	14.3272
05/10/2024 04:15	15.1099
05/10/2024 04:20	14.4128
05/10/2024 04:25	14.8841
05/10/2024 04:30	14.1842
05/10/2024 04:35	15.6948
05/10/2024 04:40	15.0825
05/10/2024 04:45	13.633
05/10/2024 04:50	14.4632
05/10/2024 04:55	13.649
05/10/2024 05:00	15.049
05/10/2024 05:05	15.7447
05/10/2024 05:10	15.4549
05/10/2024 05:15	15.394
05/10/2024 05:20	16.1008
05/10/2024 05:25	15.5087
05/10/2024 05:30	15.921
05/10/2024 05:35	15.2539
05/10/2024 05:40	15.781
05/10/2024 05:45	15.3699
05/10/2024 05:50	17.0654
05/10/2024 05:55	15.0773
05/10/2024 06:00	13.915
05/10/2024 06:05	13.5417
05/10/2024 06:10	16.5781
05/10/2024 06:15	16.7172
05/10/2024 06:20	16.9705
05/10/2024 06:25	15.6439
05/10/2024 06:30	18.1327
05/10/2024 06:35	20.3219
05/10/2024 06:40	20.7273
05/10/2024 06:45	20.5793
05/10/2024 06:50	20.7864
05/10/2024 06:55	20.6039
05/10/2024 07:00	26.8625
05/10/2024 07:05	25.9767
05/10/2024 07:10	30.2972
05/10/2024 07:15	32.0998
05/10/2024 07:20	31.9139
05/10/2024 07:25	32.7339
05/10/2024 07:30	31.9456
05/10/2024 07:35	31.5439
05/10/2024 07:40	31.658
05/10/2024 07:45	31.9796
05/10/2024 07:50	31.8912
05/10/2024 07:55	31.7187
05/10/2024 08:00	34.4363
05/10/2024 08:05	34.3695
05/10/2024 08:10	34.3476
05/10/2024 08:15	35.5992
05/10/2024 08:20	36.0716
05/10/2024 08:25	36.5056
05/10/2024 08:30	38.3444
05/10/2024 08:35	40.1332
05/10/2024 08:40	37.7906
05/10/2024 08:45	37.2012
05/10/2024 08:50	38.6305
05/10/2024 08:55	39.4548
05/10/2024 09:00	39.5779
05/10/2024 09:05	39.3722
05/10/2024 09:10	38.8327
05/10/2024 09:15	39.7658
05/10/2024 09:20	41.0051
05/10/2024 09:25	37.0002
05/10/2024 09:30	35.3648
05/10/2024 09:35	37.141
05/10/2024 09:40	41.1868
05/10/2024 09:45	39.8291
05/10/2024 09:50	39.6618
05/10/2024 09:55	39.4645
05/10/2024 10:00	40.3278
05/10/2024 10:05	38.4281
05/10/2024 10:10	38.5958
05/10/2024 10:15	41.3997
05/10/2024 10:20	37.7859
05/10/2024 10:25	37.7825
05/10/2024 10:30	40.3562
05/10/2024 10:35	39.9783
05/10/2024 10:40	39.1983
05/10/2024 10:45	37.4049
05/10/2024 10:50	40.2771
05/10/2024 10:55	42.0483
05/10/2024 11:00	41.0198
05/10/2024 11:05	39.8894
05/10/2024 11:10	38.3702
05/10/2024 11:15	40.7622
05/10/2024 11:20	42.3129
05/10/2024 11:25	41.4112
05/10/2024 11:30	43.5185
05/10/2024 11:35	40.2239
05/10/2024 11:40	42.4341
05/10/2024 11:45	41.4507
05/10/2024 11:50	38.8763
05/10/2024 11:55	40.4157
05/10/2024 12:00	39.3874
05/10/2024 12:05	40.1336
05/10/2024 12:10	37.067
05/10/2024 12:15	37.6074
05/10/2024 12:20	37.5018
05/10/2024 12:25	37.3202
05/10/2024 12:30	39.332
05/10/2024 12:35	37.2918
05/10/2024 12:40	38.4099
05/10/2024 12:45	36.9389
05/10/2024 12:50	39.0004
05/10/2024 12:55	37.0171
05/10/2024 13:00	37.2664
05/10/2024 13:05	35.5748
05/10/2024 13:10	36.4237
05/10/2024 13:15	36.1859
05/10/2024 13:20	35.5325
05/10/2024 13:25	35.7092
05/10/2024 13:30	35.4482
05/10/2024 13:35	35.2048
05/10/2024 13:40	41.0557
05/10/2024 13:45	38.4067
05/10/2024 13:50	39.384
05/10/2024 13:55	39.1693
05/10/2024 14:00	40.2258
05/10/2024 14:05	36.283
05/10/2024 14:10	36.7034
05/10/2024 14:15	35.9149
05/10/2024 14:20	39.0474
05/10/2024 14:25	41.7118
05/10/2024 14:30	40.5263
05/10/2024 14:35	37.748
05/10/2024 14:40	43.3306
05/10/2024 14:45	39.0639
05/10/2024 14:50	39.9074
05/10/2024 14:55	38.2858
05/10/2024 15:00	43.904
05/10/2024 15:05	41.1481
05/10/2024 15:10	39.7075
05/10/2024 15:15	37.0664
05/10/2024 15:20	38.8332
05/10/2024 15:25	41.4192
05/10/2024 15:30	40.8332
05/10/2024 15:35	41.6301
05/10/2024 15:40	39.9201
05/10/2024 15:45	40.8812
05/10/2024 15:50	41.8046
05/10/2024 15:55	37.3273
05/10/2024 16:00	39.9368
05/10/2024 16:05	39.0254
05/10/2024 16:10	40.1369
05/10/2024 16:15	37.899
05/10/2024 16:20	38.6195
05/10/2024 16:25	38.8815
05/10/2024 16:30	38.6666
05/10/2024 16:35	37.0762
05/10/2024 16:40	36.6832
05/10/2024 16:45	35.1603
05/10/2024 16:50	39.9576
05/10/2024 16:55	36.6567
05/10/2024 17:00	37.6208
05/10/2024 17:05	36.197
05/10/2024 17:10	35.8418
05/10/2024 17:15	38.9462
05/10/2024 17:20	34.865
05/10/2024 17:25	36.6817
05/10/2024 17:30	35.2513
05/10/2024 17:35	35.9605
05/10/2024 17:40	35.2406
05/10/2024 17:45	34.4064
05/10/2024 17:50	34.0851
05/10/2024 17:55	34.8063
05/10/2024 18:00	36.2136
05/10/2024 18:05	32.0846
05/10/2024 18:10	31.0034
05/10/2024 18:15	31.5722
05/10/2024 18:20	31.8542
05/10/2024 18:25	29.5069
05/10/2024 18:30	29.299
05/10/2024 18:35	30.9104
05/10/2024 18:40	29.7693
05/10/2024 18:45	29.0025
05/10/2024 18:50	29.5238
05/10/2024 18:55	29.1807
05/10/2024 19:00	28.4391
05/10/2024 19:05	28.5516
05/10/2024 19:10	30.0056
05/10/2024 19:15	29.1628
05/10/2024 19:20	28.7177
05/10/2024 19:25	25.5842
05/10/2024 19:30	27.8253
05/10/2024 19:35	30.5432
05/10/2024 19:40	33.803
05/10/2024 19:45	30.2464
05/10/2024 19:50	29.7738
05/10/2024 19:55	29.5713
05/10/2024 20:00	27.3362
05/10/2024 20:05	26.3958
05/10/2024 20:10	26.8356
05/10/2024 20:15	29.0433
05/10/2024 20:20	28.4405
05/10/2024 20:25	27.3517
05/10/2024 20:30	26.03
05/10/2024 20:35	26.9669
05/10/2024 20:40	29.9763
05/10/2024 20:45	27.8555
05/10/2024 20:50	26.1968
05/10/2024 20:55	25.4662
05/10/2024 21:00	27.4484
05/10/2024 21:05	27.346
05/10/2024 21:10	24.8795
05/10/2024 21:15	25.2138
05/10/2024 21:20	27.3198
05/10/2024 21:25	25.2396
05/10/2024 21:30	25.6376
05/10/2024 21:35	23.5076
05/10/2024 21:40	24.066
05/10/2024 21:45	21.2869
05/10/2024 21:50	18.4333
05/10/2024 21:55	18.2668
05/10/2024 22:00	19.7901
05/10/2024 22:05	15.2704
05/10/2024 22:10	12.7684
05/10/2024 22:15	16.4099
05/10/2024 22:20	18.1823
05/10/2024 22:25	16.9546
05/10/2024 22:30	18.5352
05/10/2024 22:35	17.8351
05/10/2024 22:40	18.0332
05/10/2024 22:45	17.3035
05/10/2024 22:50	17.1139
05/10/2024 22:55	18.0646
05/10/2024 23:00	17.0096
05/10/2024 23:05	17.1104
05/10/2024 23:10	16.9979
05/10/2024 23:15	18.0709
05/10/2024 23:20	18.6516
05/10/2024 23:25	17.3751
05/10/2024 23:30	16.3501
05/10/2024 23:35	17.0166
05/10/2024 23:40	16.2239
05/10/2024 23:45	17.3425
05/10/2024 23:50	18.1499
05/10/2024 23:55	18.1753
06/10/2024 00:00	17.2708
06/10/2024 00:05	17.1118
06/10/2024 00:10	16.7071
06/10/2024 00:15	17.0768
06/10/2024 00:20	17.7607
06/10/2024 00:25	16.7127
06/10/2024 00:30	17.4484
06/10/2024 00:35	17.7997
06/10/2024 00:40	17.1603
06/10/2024 00:45	15.7122
06/10/2024 00:50	17.762
06/10/2024 00:55	15.4448
06/10/2024 01:00	17.1903
06/10/2024 01:05	16.6615
06/10/2024 01:10	18.267
06/10/2024 01:15	17.2421
06/10/2024 01:20	18.5647
06/10/2024 01:25	16.9076
06/10/2024 01:30	17.4323
06/10/2024 01:35	16.2779
06/10/2024 01:40	16.4887
06/10/2024 01:45	16.3978
06/10/2024 01:50	18.4335
06/10/2024 01:55	16.9105
06/10/2024 02:00	15.946
06/10/2024 02:05	16.2319
06/10/2024 02:10	16.3115
06/10/2024 02:15	16.7352
06/10/2024 02:20	15.7665
06/10/2024 02:25	16.7939
06/10/2024 02:30	15.8664
06/10/2024 02:35	17.6741
06/10/2024 02:40	16.0651
06/10/2024 02:45	16.933
06/10/2024 02:50	16.5219
06/10/2024 02:55	17.2434
06/10/2024 03:00	16.5846
06/10/2024 03:05	17.1193
06/10/2024 03:10	16.9602
06/10/2024 03:15	17.7302
06/10/2024 03:20	16.5618
06/10/2024 03:25	16.0852
06/10/2024 03:30	16.3362
06/10/2024 03:35	16.1195
06/10/2024 03:40	16.5407
06/10/2024 03:45	17.6981
06/10/2024 03:50	17.3552
06/10/2024 03:55	15.3861
06/10/2024 04:00	16.2457
06/10/2024 04:05	15.6068
06/10/2024 04:10	16.7119
06/10/2024 04:15	17.2267
06/10/2024 04:20	16.8932
06/10/2024 04:25	16.1394
06/10/2024 04:30	17.4422
06/10/2024 04:35	16.0667
06/10/2024 04:40	16.0583
06/10/2024 04:45	15.79
06/10/2024 04:50	17.4494
06/10/2024 04:55	15.9866
06/10/2024 05:00	16.3371
06/10/2024 05:05	14.0697
06/10/2024 05:10	15.6412
06/10/2024 05:15	17.9487
06/10/2024 05:20	17.7607
06/10/2024 05:25	18.8834
06/10/2024 05:30	16.4613
06/10/2024 05:35	17.6642
06/10/2024 05:40	16.3656
06/10/2024 05:45	18.071
06/10/2024 05:50	18.1296
06/10/2024 05:55	17.7632
06/10/2024 06:00	18.8361
06/10/2024 06:05	21.034
06/10/2024 06:10	23.0183
06/10/2024 06:15	23.1406
06/10/2024 06:20	22.0493
06/10/2024 06:25	22.7781
06/10/2024 06:30	23.1627
06/10/2024 06:35	23.8833
06/10/2024 06:40	28.1104
06/10/2024 06:45	28.1613
06/10/2024 06:50	30.6735
06/10/2024 06:55	29.7296
06/10/2024 07:00	30.1034
06/10/2024 07:05	27.5368
06/10/2024 07:10	27.398
06/10/2024 07:15	30.4685
06/10/2024 07:20	32.0691
06/10/2024 07:25	32.9671
06/10/2024 07:30	32.9296
06/10/2024 07:35	31.7637
06/10/2024 07:40	28.174
06/10/2024 07:45	29.5099
06/10/2024 07:50	28.1721
06/10/2024 07:55	31.7523
06/10/2024 08:00	31.2732
06/10/2024 08:05	31.9799
06/10/2024 08:10	30.5181
06/10/2024 08:15	29.5367
06/10/2024 08:20	29.7469
06/10/2024 08:25	29.8349
06/10/2024 08:30	31.0995
06/10/2024 08:35	30.3977
06/10/2024 08:40	31.7
06/10/2024 08:45	30.8097
06/10/2024 08:50	31.2878
06/10/2024 08:55	32.2408
06/10/2024 09:00	31.3295
06/10/2024 09:05	33.816
06/10/2024 09:10	32.6886
06/10/2024 09:15	30.8448
06/10/2024 09:20	39.0602
06/10/2024 09:25	36.6141
06/10/2024 09:30	34.9444
06/10/2024 09:35	39.473
06/10/2024 09:40	40.9329
06/10/2024 09:45	37.5237
06/10/2024 09:50	38.6103
06/10/2024 09:55	41.0387
06/10/2024 10:00	39.3662
06/10/2024 10:05	40.8806
06/10/2024 10:10	41.5588
06/10/2024 10:15	43.542
06/10/2024 10:20	39.6625
06/10/2024 10:25	41.9553
06/10/2024 10:30	44.8009
06/10/2024 10:35	42.7443
06/10/2024 10:40	42.6894
06/10/2024 10:45	45.4866
06/10/2024 10:50	43.4917
06/10/2024 10:55	43.8444
06/10/2024 11:00	41.1652
06/10/2024 11:05	41.5932
06/10/2024 11:10	41.652
06/10/2024 11:15	43.5615
06/10/2024 11:20	42.2683
06/10/2024 11:25	43.176
06/10/2024 11:30	41.1294
06/10/2024 11:35	41.7651
06/10/2024 11:40	40.4387
06/10/2024 11:45	39.2976
06/10/2024 11:50	42.0419
06/10/2024 11:55	40.7676
06/10/2024 12:00	41.5546
06/10/2024 12:05	40.055
06/10/2024 12:10	41.8658
06/10/2024 12:15	43.13
06/10/2024 12:20	42.4656
06/10/2024 12:25	41.0559
06/10/2024 12:30	42.7446
06/10/2024 12:35	45.1006
06/10/2024 12:40	42.8399
06/10/2024 12:45	40.8345
06/10/2024 12:50	39.1921
06/10/2024 12:55	41.1206
06/10/2024 13:00	38.4818
06/10/2024 13:05	39.4288
06/10/2024 13:10	38.1865
06/10/2024 13:15	39.794
06/10/2024 13:20	38.3424
06/10/2024 13:25	37.816
06/10/2024 13:30	38.4194
06/10/2024 13:35	38.7867
06/10/2024 13:40	36.61
06/10/2024 13:45	36.2905
06/10/2024 13:50	36.4303
06/10/2024 13:55	39.4292
06/10/2024 14:00	38.1883
06/10/2024 14:05	38.8734
06/10/2024 14:10	41.4114
06/10/2024 14:15	38.1575
06/10/2024 14:20	40.3654
06/10/2024 14:25	38.7793
06/10/2024 14:30	38.8731
06/10/2024 14:35	36.8881
06/10/2024 14:40	39.5178
06/10/2024 14:45	39.729
06/10/2024 14:50	40.0185
06/10/2024 14:55	39.5703
06/10/2024 15:00	38.5206
06/10/2024 15:05	40.2625
06/10/2024 15:10	40.9983
06/10/2024 15:15	45.2512
06/10/2024 15:20	43.2503
06/10/2024 15:25	40.37
06/10/2024 15:30	40.7447
06/10/2024 15:35	41.3255
06/10/2024 15:40	38.8817
06/10/2024 15:45	45.1763
06/10/2024 15:50	38.384
06/10/2024 15:55	39.1034
06/10/2024 16:00	38.6582
06/10/2024 16:05	38.9513
06/10/2024 16:10	37.2409
06/10/2024 16:15	37.056
06/10/2024 16:20	37.7597
06/10/2024 16:25	37.7419
06/10/2024 16:30	38.458
06/10/2024 16:35	38.9254
06/10/2024 16:40	38.3293
06/10/2024 16:45	37.9712
06/10/2024 16:50	36.5268
06/10/2024 16:55	36.166
06/10/2024 17:00	37.0517
06/10/2024 17:05	36.3571
06/10/2024 17:10	34.6655
06/10/2024 17:15	33.871
06/10/2024 17:20	33.9792
06/10/2024 17:25	34.4702
06/10/2024 17:30	33.4817
06/10/2024 17:35	33.2232
06/10/2024 17:40	31.8818
06/10/2024 17:45	33.074
06/10/2024 17:50	32.9599
06/10/2024 17:55	33.2937
06/10/2024 18:00	28.8765
06/10/2024 18:05	26.7526
06/10/2024 18:10	25.4127
06/10/2024 18:15	26.854
06/10/2024 18:20	25.8705
06/10/2024 18:25	26.3987
06/10/2024 18:30	26.9098
06/10/2024 18:35	26.956
06/10/2024 18:40	27.0349
06/10/2024 18:45	27.7043
06/10/2024 18:50	26.9531
06/10/2024 18:55	27.9003
06/10/2024 19:00	29.8244
06/10/2024 19:05	29.0614
06/10/2024 19:10	28.8915
06/10/2024 19:15	30.0796
06/10/2024 19:20	30.6165
06/10/2024 19:25	29.8978
06/10/2024 19:30	25.9947
06/10/2024 19:35	24.9339
06/10/2024 19:40	24.156
06/10/2024 19:45	22.8593
06/10/2024 19:50	24.1775
06/10/2024 19:55	23.3268
06/10/2024 20:00	22.5255
06/10/2024 20:05	22.4223
06/10/2024 20:10	22.401
06/10/2024 20:15	22.2151
06/10/2024 20:20	22.3018
06/10/2024 20:25	23.5591
06/10/2024 20:30	22.9
06/10/2024 20:35	23.0106
06/10/2024 20:40	23.3544
06/10/2024 20:45	24.8629
06/10/2024 20:50	23.4536
06/10/2024 20:55	24.1293
06/10/2024 21:00	23.2075
06/10/2024 21:05	21.659
06/10/2024 21:10	23.0903
06/10/2024 21:15	23.9453
06/10/2024 21:20	22.4782
06/10/2024 21:25	21.0847
06/10/2024 21:30	22.7485
06/10/2024 21:35	20.1778
06/10/2024 21:40	21.1761
06/10/2024 21:45	19.7905
06/10/2024 21:50	19.8826
06/10/2024 21:55	18.1726
06/10/2024 22:00	18.7363
06/10/2024 22:05	16.8545
06/10/2024 22:10	17.004
06/10/2024 22:15	19.4303
06/10/2024 22:20	17.9309
06/10/2024 22:25	18.1064
06/10/2024 22:30	16.5705
06/10/2024 22:35	17.1754
06/10/2024 22:40	16.7699
06/10/2024 22:45	16.8362
06/10/2024 22:50	16.1995
06/10/2024 22:55	17.4329
06/10/2024 23:00	16.0878
06/10/2024 23:05	15.9236
06/10/2024 23:10	15.2391
06/10/2024 23:15	16.397
06/10/2024 23:20	16.1426
06/10/2024 23:25	16.298
06/10/2024 23:30	16.9439
06/10/2024 23:35	15.9838
06/10/2024 23:40	15.5836
06/10/2024 23:45	15.7931
06/10/2024 23:50	15.8684
06/10/2024 23:55	15.1385
07/10/2024 00:00	16.1093
07/10/2024 00:05	15.8316
07/10/2024 00:10	16.2197
07/10/2024 00:15	16.0471
07/10/2024 00:20	16.8279
07/10/2024 00:25	15.0181
07/10/2024 00:30	16.3944
07/10/2024 00:35	15.2787
07/10/2024 00:40	15.677
07/10/2024 00:45	16.0591
07/10/2024 00:50	16.2465
07/10/2024 00:55	15.6437
07/10/2024 01:00	16.1012
07/10/2024 01:05	15.2747
07/10/2024 01:10	15.7752
07/10/2024 01:15	15.109
07/10/2024 01:20	15.7954
07/10/2024 01:25	16.202
07/10/2024 01:30	15.2824
07/10/2024 01:35	15.8641
07/10/2024 01:40	14.8794
07/10/2024 01:45	15.6303
07/10/2024 01:50	15.2255
07/10/2024 01:55	15.5486
07/10/2024 02:00	15.5892
07/10/2024 02:05	15.6427
07/10/2024 02:10	14.5676
07/10/2024 02:15	15.756
07/10/2024 02:20	14.1908
07/10/2024 02:25	15.6004
07/10/2024 02:30	14.3244
07/10/2024 02:35	15.8109
07/10/2024 02:40	16.2204
07/10/2024 02:45	16.0116
07/10/2024 02:50	15.3846
07/10/2024 02:55	14.4231
07/10/2024 03:00	15.6819
07/10/2024 03:05	14.7358
07/10/2024 03:10	14.3618
07/10/2024 03:15	14.2605
07/10/2024 03:20	15.0198
07/10/2024 03:25	15.4546
07/10/2024 03:30	14.8283
07/10/2024 03:35	14.5999
07/10/2024 03:40	14.5883
07/10/2024 03:45	14.7862
07/10/2024 03:50	15.0953
07/10/2024 03:55	14.7052
07/10/2024 04:00	15.9247
07/10/2024 04:05	15.0254
07/10/2024 04:10	15.8694
07/10/2024 04:15	14.3375
07/10/2024 04:20	15.6868
07/10/2024 04:25	14.4115
07/10/2024 04:30	15.4254
07/10/2024 04:35	14.5881
07/10/2024 04:40	15.9729
07/10/2024 04:45	14.7893
07/10/2024 04:50	15.2019
07/10/2024 04:55	15.357
07/10/2024 05:00	15.2953
07/10/2024 05:05	16.5874
07/10/2024 05:10	16.0472
07/10/2024 05:15	16.5436
07/10/2024 05:20	16.2179
07/10/2024 05:25	16.8724
07/10/2024 05:30	15.817
07/10/2024 05:35	16.6783
07/10/2024 05:40	16.5113
07/10/2024 05:45	17.7133
07/10/2024 05:50	12.786
07/10/2024 05:55	14.7383
07/10/2024 06:00	17.6058
07/10/2024 06:05	16.6713
07/10/2024 06:10	16.4777
07/10/2024 06:15	16.6993
07/10/2024 06:20	18.3404
07/10/2024 06:25	22.1463
07/10/2024 06:30	23.7024
07/10/2024 06:35	24.8718
07/10/2024 06:40	24.77
07/10/2024 06:45	25.1227
07/10/2024 06:50	24.3341
07/10/2024 06:55	24.5631
07/10/2024 07:00	23.9561
07/10/2024 07:05	24.4696
07/10/2024 07:10	27.5237
07/10/2024 07:15	24.3915
07/10/2024 07:20	27.1368
07/10/2024 07:25	36.4209
07/10/2024 07:30	36.5609
07/10/2024 07:35	32.8169
07/10/2024 07:40	30.0792
07/10/2024 07:45	31.1433
07/10/2024 07:50	30.2541
07/10/2024 07:55	29.1364
07/10/2024 08:00	28.216
07/10/2024 08:05	31.5913
07/10/2024 08:10	31.047
07/10/2024 08:15	31.867
07/10/2024 08:20	25.0824
07/10/2024 08:25	31.4097
07/10/2024 08:30	36.3955
07/10/2024 08:35	34.892
07/10/2024 08:40	35.7359
07/10/2024 08:45	35.8797
07/10/2024 08:50	37.6675
07/10/2024 08:55	38.3573
07/10/2024 09:00	36.8055
07/10/2024 09:05	39.8592
07/10/2024 09:10	40.5141
07/10/2024 09:15	39.2689
07/10/2024 09:20	39.5442
07/10/2024 09:25	41.1355
07/10/2024 09:30	39.9448
07/10/2024 09:35	39.4265
07/10/2024 09:40	37.7626
07/10/2024 09:45	39.0078
07/10/2024 09:50	38.9666
07/10/2024 09:55	40.4255
07/10/2024 10:00	39.2927
07/10/2024 10:05	39.7609
07/10/2024 10:10	40.7444
07/10/2024 10:15	40.2207
07/10/2024 10:20	41.4087
07/10/2024 10:25	41.3491
07/10/2024 10:30	41.266
07/10/2024 10:35	40.1114
07/10/2024 10:40	40.7185
07/10/2024 10:45	43.1821
07/10/2024 10:50	39.0873
07/10/2024 10:55	41.678
07/10/2024 11:00	40.4575
07/10/2024 11:05	40.3908
07/10/2024 11:10	40.3316
07/10/2024 11:15	39.7885
07/10/2024 11:20	39.6709
07/10/2024 11:25	38.6254
07/10/2024 11:30	40.041
07/10/2024 11:35	38.9378
07/10/2024 11:40	40.4955
07/10/2024 11:45	40.4715
07/10/2024 11:50	41.4765
07/10/2024 11:55	42.0107
07/10/2024 12:00	40.5982
07/10/2024 12:05	42.9312
07/10/2024 12:10	45.6961
07/10/2024 12:15	46.5104
07/10/2024 12:20	45.4958
07/10/2024 12:25	41.6209
07/10/2024 12:30	40.8426
07/10/2024 12:35	43.3022
07/10/2024 12:40	40.5127
07/10/2024 12:45	39.856
07/10/2024 12:50	39.2719
07/10/2024 12:55	40.5252
07/10/2024 13:00	39.9496
07/10/2024 13:05	40.6335
07/10/2024 13:10	38.3701
07/10/2024 13:15	37.6614
07/10/2024 13:20	37.5889
07/10/2024 13:25	39.0262
07/10/2024 13:30	39.1674
07/10/2024 13:35	38.4571
07/10/2024 13:40	39.2831
07/10/2024 13:45	36.1727
07/10/2024 13:50	39.574
07/10/2024 13:55	37.1224
07/10/2024 14:00	36.2262
07/10/2024 14:05	37.993
07/10/2024 14:10	39.3541
07/10/2024 14:15	41.574
07/10/2024 14:20	41.5625
07/10/2024 14:25	42.1564
07/10/2024 14:30	38.8084
07/10/2024 14:35	42.5413
07/10/2024 14:40	40.0449
07/10/2024 14:45	38.6902
07/10/2024 14:50	37.6438
07/10/2024 14:55	38.7901
07/10/2024 15:00	36.9954
07/10/2024 15:05	35.3967
07/10/2024 15:10	36.2204
07/10/2024 15:15	35.5195
07/10/2024 15:20	37.7459
07/10/2024 15:25	38.1581
07/10/2024 15:30	38.2353
07/10/2024 15:35	37.6361
07/10/2024 15:40	38.0681
07/10/2024 15:45	37.9724
07/10/2024 15:50	38.3864
07/10/2024 15:55	37.6229
07/10/2024 16:00	36.7288
07/10/2024 16:05	37.4972
07/10/2024 16:10	36.3337
07/10/2024 16:15	36.9673
07/10/2024 16:20	37.4564
07/10/2024 16:25	37.1568
07/10/2024 16:30	36.735
07/10/2024 16:35	36.2773
07/10/2024 16:40	37.5082
07/10/2024 16:45	35.1775
07/10/2024 16:50	37.5428
07/10/2024 16:55	35.8202
07/10/2024 17:00	36.3966
07/10/2024 17:05	34.3345
07/10/2024 17:10	35.3071
07/10/2024 17:15	35.5339
07/10/2024 17:20	33.8786
07/10/2024 17:25	37.017
07/10/2024 17:30	35.4776
07/10/2024 17:35	34.0123
07/10/2024 17:40	34.1824
07/10/2024 17:45	30.1167
07/10/2024 17:50	26.8504
07/10/2024 17:55	27.9049
07/10/2024 18:00	28.5235
07/10/2024 18:05	26.4333
07/10/2024 18:10	26.8581
07/10/2024 18:15	25.7233
07/10/2024 18:20	24.332
07/10/2024 18:25	23.0163
07/10/2024 18:30	23.6255
07/10/2024 18:35	23.933
07/10/2024 18:40	24.2845
07/10/2024 18:45	23.5579
07/10/2024 18:50	24.8353
07/10/2024 18:55	24.741
07/10/2024 19:00	24.4363
07/10/2024 19:05	25.284
07/10/2024 19:10	27.6288
07/10/2024 19:15	23.2096
07/10/2024 19:20	22.0667
07/10/2024 19:25	21.8775
07/10/2024 19:30	18.9299
07/10/2024 19:35	17.7596
07/10/2024 19:40	19.2652
07/10/2024 19:45	18.5508
07/10/2024 19:50	18.0782
07/10/2024 19:55	16.2796
07/10/2024 20:00	18.3761
07/10/2024 20:05	18.5612
07/10/2024 20:10	17.6594
07/10/2024 20:15	17.23
07/10/2024 20:20	18.0462
07/10/2024 20:25	17.1738
07/10/2024 20:30	17.283
07/10/2024 20:35	17.1098
07/10/2024 20:40	16.23
07/10/2024 20:45	18.6891
07/10/2024 20:50	19.0871
07/10/2024 20:55	19.0972
07/10/2024 21:00	17.6728
07/10/2024 21:05	17.0537
07/10/2024 21:10	19.4713
07/10/2024 21:15	17.4756
07/10/2024 21:20	18.6333
07/10/2024 21:25	16.9856
07/10/2024 21:30	17.0501
07/10/2024 21:35	15.4921
07/10/2024 21:40	15.5776
07/10/2024 21:45	14.6518
07/10/2024 21:50	13.7522
07/10/2024 21:55	14.3999
07/10/2024 22:00	13.0084
07/10/2024 22:05	12.3584
07/10/2024 22:10	10.5796
07/10/2024 22:15	12.4916
07/10/2024 22:20	13.0201
07/10/2024 22:25	13.0835
07/10/2024 22:30	12.0044
07/10/2024 22:35	11.909
07/10/2024 22:40	13.0618
07/10/2024 22:45	12.9283
07/10/2024 22:50	12.0976
07/10/2024 22:55	13.0034
07/10/2024 23:00	12.5163
07/10/2024 23:05	12.6519
07/10/2024 23:10	12.5647
07/10/2024 23:15	11.7337
07/10/2024 23:20	12.288
07/10/2024 23:25	12.979
07/10/2024 23:30	12.5592
07/10/2024 23:35	11.9424
07/10/2024 23:40	12.4834
07/10/2024 23:45	12.4964
07/10/2024 23:50	12.1617
07/10/2024 23:55	12.3945
08/10/2024 00:00	11.8122
08/10/2024 00:05	12.2621
08/10/2024 00:10	12.6163
08/10/2024 00:15	11.4896
08/10/2024 00:20	11.9335
08/10/2024 00:25	12.1664
08/10/2024 00:30	12.2224
08/10/2024 00:35	12.0765
08/10/2024 00:40	12.5652
08/10/2024 00:45	12.2591
08/10/2024 00:50	12.1138
08/10/2024 00:55	11.8632
08/10/2024 01:00	10.8007
08/10/2024 01:05	11.6047
08/10/2024 01:10	10.9957
08/10/2024 01:15	12.0431
08/10/2024 01:20	12.3991
08/10/2024 01:25	12.8749
08/10/2024 01:30	12.1891
08/10/2024 01:35	11.5705
08/10/2024 01:40	11.9521
08/10/2024 01:45	11.6439
08/10/2024 01:50	11.5098
08/10/2024 01:55	11.81
08/10/2024 02:00	12.0828
08/10/2024 02:05	12.1939
08/10/2024 02:10	13.0033
08/10/2024 02:15	12.3877
08/10/2024 02:20	11.3971
08/10/2024 02:25	12.1371
08/10/2024 02:30	10.9741
08/10/2024 02:35	10.8841
08/10/2024 02:40	10.2485
08/10/2024 02:45	11.8707
08/10/2024 02:50	11.9237
08/10/2024 02:55	11.8921
08/10/2024 03:00	11.9544
08/10/2024 03:05	11.4787
08/10/2024 03:10	11.0911
08/10/2024 03:15	11.54
08/10/2024 03:20	11.5872
08/10/2024 03:25	11.3399
08/10/2024 03:30	11.7449
08/10/2024 03:35	12.5652
08/10/2024 03:40	11.7813
08/10/2024 03:45	12.1399
08/10/2024 03:50	12.275
08/10/2024 03:55	11.3613
08/10/2024 04:00	10.2571
08/10/2024 04:05	12.2384
08/10/2024 04:10	10.6317
08/10/2024 04:15	11.7448
08/10/2024 04:20	12.278
08/10/2024 04:25	11.9883
08/10/2024 04:30	11.6093
08/10/2024 04:35	11.9592
08/10/2024 04:40	11.57
08/10/2024 04:45	11.286
08/10/2024 04:50	11.3564
08/10/2024 04:55	12.1056
08/10/2024 05:00	12.0378
08/10/2024 05:05	11.5952
08/10/2024 05:10	12.1097
08/10/2024 05:15	12.7479
08/10/2024 05:20	12.7055
08/10/2024 05:25	11.8134
08/10/2024 05:30	12.606
08/10/2024 05:35	12.2269
08/10/2024 05:40	13.7959
08/10/2024 05:45	13.3019
08/10/2024 05:50	13.1811
08/10/2024 05:55	13.0452
08/10/2024 06:00	13.7162
08/10/2024 06:05	18.3328
08/10/2024 06:10	15.5571
08/10/2024 06:15	15.8611
08/10/2024 06:20	15.9341
08/10/2024 06:25	15.6883
08/10/2024 06:30	14.2495
08/10/2024 06:35	14.7299
08/10/2024 06:40	14.7574
08/10/2024 06:45	17.4722
08/10/2024 06:50	19.866
08/10/2024 06:55	19.1286
08/10/2024 07:00	17.838
08/10/2024 07:05	19.607
08/10/2024 07:10	18.8447
08/10/2024 07:15	23.3325
08/10/2024 07:20	26.4481
08/10/2024 07:25	24.9203
08/10/2024 07:30	26.351
08/10/2024 07:35	25.3974
08/10/2024 07:40	23.4537
08/10/2024 07:45	24.5742
08/10/2024 07:50	25.5086
08/10/2024 07:55	25.2001
08/10/2024 08:00	26.7987
08/10/2024 08:05	25.5222
08/10/2024 08:10	26.3438
08/10/2024 08:15	28.2241
08/10/2024 08:20	29.2587
08/10/2024 08:25	29.5524
08/10/2024 08:30	31.2106
08/10/2024 08:35	32.8147
08/10/2024 08:40	36.5445
08/10/2024 08:45	35.7237
08/10/2024 08:50	37.4938
08/10/2024 08:55	33.4722
08/10/2024 09:00	33.7565
08/10/2024 09:05	33.7809
08/10/2024 09:10	33.3739
08/10/2024 09:15	32.8335
08/10/2024 09:20	30.4734
08/10/2024 09:25	30.5551
08/10/2024 09:30	32.6158
08/10/2024 09:35	32.5624
08/10/2024 09:40	32.0849
08/10/2024 09:45	31.2971
08/10/2024 09:50	30.7414
08/10/2024 09:55	32.4153
08/10/2024 10:00	33.7694
08/10/2024 10:05	32.1961
08/10/2024 10:10	35.2257
08/10/2024 10:15	33.8239
08/10/2024 10:20	36.1284
08/10/2024 10:25	34.0347
08/10/2024 10:30	34.2962
08/10/2024 10:35	36.5604
08/10/2024 10:40	34.904
08/10/2024 10:45	33.731
08/10/2024 10:50	34.017
08/10/2024 10:55	36.5087
08/10/2024 11:00	33.6864
08/10/2024 11:05	35.3908
08/10/2024 11:10	32.9658
08/10/2024 11:15	34.1864
08/10/2024 11:20	33.3589
08/10/2024 11:25	34.117
08/10/2024 11:30	34.3232
08/10/2024 11:35	33.5728
08/10/2024 11:40	33.2933
08/10/2024 11:45	33.3068
08/10/2024 11:50	35.1574
08/10/2024 11:55	36.5933
08/10/2024 12:00	35.5272
08/10/2024 12:05	37.1123
08/10/2024 12:10	33.1926
08/10/2024 12:15	36.9148
08/10/2024 12:20	36.9232
08/10/2024 12:25	37.8066
08/10/2024 12:30	35.7538
08/10/2024 12:35	38.2337
08/10/2024 12:40	38.1522
08/10/2024 12:45	38.2284
08/10/2024 12:50	35.6027
08/10/2024 12:55	36.4132
08/10/2024 13:00	34.9544
08/10/2024 13:05	35.3115
08/10/2024 13:10	35.1949
08/10/2024 13:15	36.0788
08/10/2024 13:20	34.7791
08/10/2024 13:25	34.0757
08/10/2024 13:30	33.669
08/10/2024 13:35	33.6295
08/10/2024 13:40	34.5901
08/10/2024 13:45	34.252
08/10/2024 13:50	35.6245
08/10/2024 13:55	37.1872
08/10/2024 14:00	36.5973
08/10/2024 14:05	35.5179
08/10/2024 14:10	35.4888
08/10/2024 14:15	34.6381
08/10/2024 14:20	34.3759
08/10/2024 14:25	35.8007
08/10/2024 14:30	37.8902
08/10/2024 14:35	38.8226
08/10/2024 14:40	41.3465
08/10/2024 14:45	41.4285
08/10/2024 14:50	38.8108
08/10/2024 14:55	38.5334
08/10/2024 15:00	37.5274
08/10/2024 15:05	36.6149
08/10/2024 15:10	37.3689
08/10/2024 15:15	39.2945
08/10/2024 15:20	35.8202
08/10/2024 15:25	36.816
08/10/2024 15:30	37.2574
08/10/2024 15:35	36.8652
08/10/2024 15:40	37.3129
08/10/2024 15:45	37.0908
08/10/2024 15:50	37.7984
08/10/2024 15:55	34.6916
08/10/2024 16:00	35.277
08/10/2024 16:05	33.5059
08/10/2024 16:10	35.0559
08/10/2024 16:15	33.856
08/10/2024 16:20	33.1169
08/10/2024 16:25	31.6431
08/10/2024 16:30	29.2573
08/10/2024 16:35	33.4171
08/10/2024 16:40	29.0867
08/10/2024 16:45	30.5314
08/10/2024 16:50	28.8015
08/10/2024 16:55	30.9954
08/10/2024 17:00	29.7952
08/10/2024 17:05	28.6252
08/10/2024 17:10	29.0678
08/10/2024 17:15	27.4322
08/10/2024 17:20	29.2575
08/10/2024 17:25	26.8565
08/10/2024 17:30	27.2786
08/10/2024 17:35	26.6497
08/10/2024 17:40	26.6083
08/10/2024 17:45	28.7414
08/10/2024 17:50	25.2612
08/10/2024 17:55	27.0591
08/10/2024 18:00	25.2495
08/10/2024 18:05	25.1494
08/10/2024 18:10	22.456
08/10/2024 18:15	20.0209
08/10/2024 18:20	20.55
08/10/2024 18:25	20.8529
08/10/2024 18:30	21.8506
08/10/2024 18:35	19.8721
08/10/2024 18:40	18.1329
08/10/2024 18:45	17.8779
08/10/2024 18:50	16.8609
08/10/2024 18:55	16.2774
08/10/2024 19:00	15.7059
08/10/2024 19:05	16.169
08/10/2024 19:10	16.5343
08/10/2024 19:15	16.2788
08/10/2024 19:20	16.3752
08/10/2024 19:25	20.2487
08/10/2024 19:30	17.7204
08/10/2024 19:35	17.7341
08/10/2024 19:40	18.8484
08/10/2024 19:45	18.7105
08/10/2024 19:50	19.8778
08/10/2024 19:55	19.2259
08/10/2024 20:00	18.5461
08/10/2024 20:05	17.215
08/10/2024 20:10	19.7494
08/10/2024 20:15	18.9713
08/10/2024 20:20	18.8242
08/10/2024 20:25	18.0481
08/10/2024 20:30	17.4609
08/10/2024 20:35	17.7179
08/10/2024 20:40	17.0369
08/10/2024 20:45	18.802
08/10/2024 20:50	17.4004
08/10/2024 20:55	16.6844
08/10/2024 21:00	15.6751
08/10/2024 21:05	16.8572
08/10/2024 21:10	15.9861
08/10/2024 21:15	14.6245
08/10/2024 21:20	15.3756
08/10/2024 21:25	13.4563
08/10/2024 21:30	13.7324
08/10/2024 21:35	13.559
08/10/2024 21:40	12.4497
08/10/2024 21:45	13.2053
08/10/2024 21:50	13.3718
08/10/2024 21:55	13.3433
08/10/2024 22:00	13.3965
08/10/2024 22:05	12.6306
08/10/2024 22:10	11.4658
08/10/2024 22:15	14.2
08/10/2024 22:20	12.9848
08/10/2024 22:25	13.3347
08/10/2024 22:30	13.0808
08/10/2024 22:35	13.5966
08/10/2024 22:40	11.8166
08/10/2024 22:45	11.336
08/10/2024 22:50	11.5579
08/10/2024 22:55	10.5421
08/10/2024 23:00	11.13
08/10/2024 23:05	10.4335
08/10/2024 23:10	11.0872
08/10/2024 23:15	10.7384
08/10/2024 23:20	11.247
08/10/2024 23:25	10.2491
08/10/2024 23:30	10.3716
08/10/2024 23:35	10.3371
08/10/2024 23:40	9.4407
08/10/2024 23:45	10.1209
08/10/2024 23:50	10.269
08/10/2024 23:55	10.4669
09/10/2024 00:00	11.0953
09/10/2024 00:05	11.1971
09/10/2024 00:10	10.8105
09/10/2024 00:15	10.2473
09/10/2024 00:20	10.9339
09/10/2024 00:25	10.619
09/10/2024 00:30	10.3775
09/10/2024 00:35	11.1301
09/10/2024 00:40	10.7243
09/10/2024 00:45	11.9174
09/10/2024 00:50	10.5616
09/10/2024 00:55	10.5424
09/10/2024 01:00	10.6713
09/10/2024 01:05	10.459
09/10/2024 01:10	11.0817
09/10/2024 01:15	9.9875
09/10/2024 01:20	8.8639
09/10/2024 01:25	10.9221
09/10/2024 01:30	10.0405
09/10/2024 01:35	11.0812
09/10/2024 01:40	10.1493
09/10/2024 01:45	10.403
09/10/2024 01:50	10.2967
09/10/2024 01:55	9.7241
09/10/2024 02:00	10.3741
09/10/2024 02:05	10.3474
09/10/2024 02:10	10.5553
09/10/2024 02:15	11.5494
09/10/2024 02:20	10.059
09/10/2024 02:25	10.874
09/10/2024 02:30	11.3852
09/10/2024 02:35	11.7141
09/10/2024 02:40	11.1412
09/10/2024 02:45	10.9388
09/10/2024 02:50	10.582
09/10/2024 02:55	10.7536
